
=== randomobjects ===
[randomobjects] extracting C:/Users/l/Downloads/RandomObjects.zip
[randomobjects] copying 12 GLBs
[randomobjects] +12 additions

=== scifi-megakit ===
[scifi-megakit] extracting C:/Users/l/Downloads/Modular SciFi MegaKit[Standard].zip
[megakit] resized 24/24 PNGs to 1024px (skipped already-small ones)
[scifi-megakit] running Blender FBX -> GLB...
BlenderMCP addon registered
[megakit] found 378 FBX files under C:\Users\l\AppData\Local\Temp\megakit-import\scifi
BlenderMCP addon unregistered
FBX version: 7400
INFO Draco mesh compression is available, use library at C:\Program Files\Blender Foundation\Blender 5.0\5.0\scripts\addons_core\io_scene_gltf2\extern_draco.dll
09:33:56 | INFO: Starting glTF 2.0 export
09:33:56 | INFO: Extracting primitive: Sphere.001_Retopology.001
09:33:56 | WARNING: The active Vertex Color will not be exported, as it is not used in the node tree of the material
09:33:56 | INFO: Primitives created: 2
09:33:56 | WARNING: There are more than 4 joint vertex influences.The 4 with highest weight will be used (and normalized).
09:33:56 | INFO: Finished glTF 2.0 export in 0.13900256156921387 s

FBX version: 7400
09:33:56 | INFO: Starting glTF 2.0 export
09:33:56 | INFO: Extracting primitive: Oculichrysalis
09:33:56 | WARNING: The active Vertex Color will not be exported, as it is not used in the node tree of the material
09:33:56 | INFO: Primitives created: 1
09:33:56 | WARNING: There are more than 4 joint vertex influences.The 4 with highest weight will be used (and normalized).
09:33:56 | INFO: Extracting primitive: Sphere.004
09:33:56 | WARNING: The active Vertex Color will not be exported, as it is not used in the node tree of the material
09:33:56 | INFO: Primitives created: 1
09:33:56 | INFO: Finished glTF 2.0 export in 0.16607451438903809 s

FBX version: 7400
09:33:56 | INFO: Starting glTF 2.0 export
09:33:56 | INFO: Extracting primitive: Sphere.005
09:33:56 | WARNING: The active Vertex Color will not be exported, as it is not used in the node tree of the material
09:33:56 | INFO: Primitives created: 1
09:33:56 | WARNING: There are more than 4 joint vertex influences.The 4 with highest weight will be used (and normalized).
09:33:56 | INFO: Extracting primitive: Cube.001
09:33:56 | WARNING: The active Vertex Color will not be exported, as it is not used in the node tree of the material
09:33:56 | INFO: Primitives created: 1
09:33:56 | INFO: Extracting primitive: Sphere.001_Retopology
09:33:56 | WARNING: The active Vertex Color will not be exported, as it is not used in the node tree of the material
09:33:56 | INFO: Primitives created: 2
09:33:56 | INFO: Extracting primitive: Sphere.006
09:33:56 | WARNING: The active Vertex Color will not be exported, as it is not used in the node tree of the material
09:33:56 | INFO: Primitives created: 1
09:33:57 | INFO: Finished glTF 2.0 export in 0.4290010929107666 s

FBX version: 7400
09:33:57 | INFO: Starting glTF 2.0 export
09:33:57 | INFO: Extracting primitive: Plane.108
09:33:57 | WARNING: The active Vertex Color will not be exported, as it is not used in the node tree of the material
09:33:57 | INFO: Primitives created: 3
09:33:57 | INFO: Finished glTF 2.0 export in 0.008997440338134766 s

FBX version: 7400
09:33:57 | INFO: Starting glTF 2.0 export
09:33:57 | INFO: Extracting primitive: Cube.031
09:33:57 | INFO: Primitives created: 2
09:33:57 | INFO: Finished glTF 2.0 export in 0.01100015640258789 s

FBX version: 7400
09:33:57 | INFO: Starting glTF 2.0 export
09:33:57 | INFO: Extracting primitive: Cube.040
09:33:57 | INFO: Primitives created: 4
09:33:57 | INFO: Finished glTF 2.0 export in 0.010999679565429688 s

FBX version: 7400
09:33:57 | INFO: Starting glTF 2.0 export
09:33:57 | INFO: Extracting primitive: Plane.132
09:33:57 | INFO: Primitives created: 2
09:33:57 | INFO: Finished glTF 2.0 export in 0.006998300552368164 s

FBX version: 7400
09:33:57 | INFO: Starting glTF 2.0 export
09:33:57 | INFO: Extracting primitive: Plane.122
09:33:57 | INFO: Primitives created: 2
09:33:57 | INFO: Finished glTF 2.0 export in 0.009986400604248047 s

FBX version: 7400
09:33:57 | INFO: Starting glTF 2.0 export
09:33:57 | INFO: Extracting primitive: Cylinder.032
09:33:57 | INFO: Primitives created: 3
09:33:57 | INFO: Finished glTF 2.0 export in 0.01798868179321289 s

FBX version: 7400
09:33:57 | INFO: Starting glTF 2.0 export
09:33:57 | INFO: Extracting primitive: Cylinder.007
09:33:57 | INFO: Primitives created: 2
09:33:57 | INFO: Finished glTF 2.0 export in 0.006990671157836914 s

FBX version: 7400
09:33:57 | INFO: Starting glTF 2.0 export
09:33:57 | INFO: Extracting primitive: Cube.035
09:33:57 | INFO: Primitives created: 2
09:33:57 | INFO: Finished glTF 2.0 export in 0.006998300552368164 s

FBX version: 7400
09:33:57 | INFO: Starting glTF 2.0 export
09:33:57 | INFO: Extracting primitive: Plane.001
09:33:57 | INFO: Primitives created: 1
09:33:57 | INFO: Finished glTF 2.0 export in 0.003992319107055664 s

FBX version: 7400
09:33:57 | INFO: Starting glTF 2.0 export
09:33:57 | INFO: Extracting primitive: Plane.009
09:33:57 | INFO: Primitives created: 1
09:33:57 | INFO: Finished glTF 2.0 export in 0.0050008296966552734 s

FBX version: 7400
09:33:57 | INFO: Starting glTF 2.0 export
09:33:57 | INFO: Extracting primitive: Plane.012
09:33:57 | INFO: Primitives created: 1
09:33:57 | INFO: Finished glTF 2.0 export in 0.0049991607666015625 s

FBX version: 7400
09:33:58 | INFO: Starting glTF 2.0 export
09:33:58 | INFO: Extracting primitive: Plane.020
09:33:58 | INFO: Primitives created: 1
09:33:58 | INFO: Finished glTF 2.0 export in 0.004998207092285156 s

FBX version: 7400
09:33:58 | INFO: Starting glTF 2.0 export
09:33:58 | INFO: Extracting primitive: Plane.005
09:33:58 | INFO: Primitives created: 1
09:33:58 | INFO: Finished glTF 2.0 export in 0.004007101058959961 s

FBX version: 7400
09:33:58 | INFO: Starting glTF 2.0 export
09:33:58 | INFO: Extracting primitive: Plane.022
09:33:58 | INFO: Primitives created: 1
09:33:58 | INFO: Finished glTF 2.0 export in 0.003992319107055664 s

FBX version: 7400
09:33:58 | INFO: Starting glTF 2.0 export
09:33:58 | INFO: Extracting primitive: Plane.013
09:33:58 | INFO: Primitives created: 1
09:33:58 | INFO: Finished glTF 2.0 export in 0.005001544952392578 s

FBX version: 7400
09:33:58 | INFO: Starting glTF 2.0 export
09:33:58 | INFO: Extracting primitive: Plane.021
09:33:58 | INFO: Primitives created: 1
09:33:58 | INFO: Finished glTF 2.0 export in 0.004998445510864258 s

FBX version: 7400
09:33:58 | INFO: Starting glTF 2.0 export
09:33:58 | INFO: Extracting primitive: Plane.007
09:33:58 | INFO: Primitives created: 1
09:33:58 | INFO: Finished glTF 2.0 export in 0.0050563812255859375 s

FBX version: 7400
09:33:58 | INFO: Starting glTF 2.0 export
09:33:58 | INFO: Extracting primitive: Plane.023
09:33:58 | INFO: Primitives created: 1
09:33:58 | INFO: Finished glTF 2.0 export in 0.004001140594482422 s

FBX version: 7400
09:33:58 | INFO: Starting glTF 2.0 export
09:33:58 | INFO: Extracting primitive: Plane.014
09:33:58 | INFO: Primitives created: 1
09:33:58 | INFO: Finished glTF 2.0 export in 0.004021883010864258 s

FBX version: 7400
09:33:58 | INFO: Starting glTF 2.0 export
09:33:58 | INFO: Extracting primitive: Plane.041
09:33:58 | INFO: Primitives created: 1
09:33:58 | INFO: Finished glTF 2.0 export in 0.021999359130859375 s

FBX version: 7400
09:33:58 | INFO: Starting glTF 2.0 export
09:33:58 | INFO: Extracting primitive: Plane.019
09:33:58 | INFO: Primitives created: 1
09:33:58 | INFO: Finished glTF 2.0 export in 0.005006074905395508 s

FBX version: 7400
09:33:58 | INFO: Starting glTF 2.0 export
09:33:58 | INFO: Extracting primitive: Plane.255
09:33:58 | INFO: Primitives created: 1
09:33:58 | INFO: Finished glTF 2.0 export in 0.005002021789550781 s

FBX version: 7400
09:33:58 | INFO: Starting glTF 2.0 export
09:33:58 | INFO: Extracting primitive: Plane.252
09:33:58 | INFO: Primitives created: 1
09:33:58 | INFO: Finished glTF 2.0 export in 0.002986907958984375 s

FBX version: 7400
09:33:58 | INFO: Starting glTF 2.0 export
09:33:58 | INFO: Extracting primitive: Plane.057
09:33:58 | INFO: Primitives created: 1
09:33:58 | INFO: Finished glTF 2.0 export in 0.003998756408691406 s

FBX version: 7400
09:33:58 | INFO: Starting glTF 2.0 export
09:33:58 | INFO: Extracting primitive: Plane.253
09:33:58 | INFO: Primitives created: 1
09:33:58 | INFO: Finished glTF 2.0 export in 0.003998517990112305 s

FBX version: 7400
09:33:58 | INFO: Starting glTF 2.0 export
09:33:58 | INFO: Extracting primitive: Plane.145
09:33:58 | INFO: Primitives created: 1
09:33:58 | INFO: Finished glTF 2.0 export in 0.004003286361694336 s

FBX version: 7400
09:33:59 | INFO: Starting glTF 2.0 export
09:33:59 | INFO: Extracting primitive: Plane.254
09:33:59 | INFO: Primitives created: 1
09:33:59 | INFO: Finished glTF 2.0 export in 0.0039980411529541016 s

FBX version: 7400
09:33:59 | INFO: Starting glTF 2.0 export
09:33:59 | INFO: Extracting primitive: Plane.068
09:33:59 | INFO: Primitives created: 1
09:33:59 | INFO: Finished glTF 2.0 export in 0.0029878616333007812 s

FBX version: 7400
09:33:59 | INFO: Starting glTF 2.0 export
09:33:59 | INFO: Extracting primitive: Plane.094
09:33:59 | INFO: Primitives created: 1
09:33:59 | INFO: Finished glTF 2.0 export in 0.00299835205078125 s

FBX version: 7400
09:33:59 | INFO: Starting glTF 2.0 export
09:33:59 | INFO: Extracting primitive: Plane.027
09:33:59 | INFO: Primitives created: 1
09:33:59 | INFO: Finished glTF 2.0 export in 0.00500178337097168 s

FBX version: 7400
09:33:59 | INFO: Starting glTF 2.0 export
09:33:59 | INFO: Extracting primitive: Plane.055
09:33:59 | INFO: Primitives created: 1
09:33:59 | INFO: Finished glTF 2.0 export in 0.004998683929443359 s

FBX version: 7400
09:33:59 | INFO: Starting glTF 2.0 export
09:33:59 | INFO: Extracting primitive: Plane.030
09:33:59 | INFO: Primitives created: 1
09:33:59 | INFO: Finished glTF 2.0 export in 0.004999876022338867 s

FBX version: 7400
09:33:59 | INFO: Starting glTF 2.0 export
09:33:59 | INFO: Extracting primitive: Plane.049
09:33:59 | INFO: Primitives created: 1
09:33:59 | INFO: Finished glTF 2.0 export in 0.003998756408691406 s

FBX version: 7400
09:33:59 | INFO: Starting glTF 2.0 export
09:33:59 | INFO: Extracting primitive: Plane.018
09:33:59 | INFO: Primitives created: 1
09:33:59 | INFO: Finished glTF 2.0 export in 0.0029861927032470703 s

FBX version: 7400
09:33:59 | INFO: Starting glTF 2.0 export
09:33:59 | INFO: Extracting primitive: Plane.017
09:33:59 | INFO: Primitives created: 1
09:33:59 | INFO: Finished glTF 2.0 export in 0.0039937496185302734 s

FBX version: 7400
09:33:59 | INFO: Starting glTF 2.0 export
09:33:59 | INFO: Extracting primitive: Plane.044
09:33:59 | INFO: Primitives created: 1
09:33:59 | INFO: Finished glTF 2.0 export in 0.004006385803222656 s

FBX version: 7400
09:33:59 | INFO: Starting glTF 2.0 export
09:33:59 | INFO: Extracting primitive: Plane.015
09:33:59 | INFO: Primitives created: 1
09:33:59 | INFO: Finished glTF 2.0 export in 0.005000591278076172 s

FBX version: 7400
09:33:59 | INFO: Starting glTF 2.0 export
09:33:59 | INFO: Extracting primitive: Cube.009
09:33:59 | INFO: Primitives created: 1
09:33:59 | INFO: Finished glTF 2.0 export in 0.007998466491699219 s

FBX version: 7400
09:33:59 | INFO: Starting glTF 2.0 export
09:33:59 | INFO: Extracting primitive: Cube.004
09:33:59 | INFO: Primitives created: 3
09:33:59 | INFO: Finished glTF 2.0 export in 0.01200103759765625 s

FBX version: 7400
09:33:59 | INFO: Starting glTF 2.0 export
09:33:59 | INFO: Extracting primitive: Cube.005
09:33:59 | INFO: Primitives created: 1
09:33:59 | INFO: Finished glTF 2.0 export in 0.006000518798828125 s

FBX version: 7400
09:34:00 | INFO: Starting glTF 2.0 export
09:34:00 | INFO: Extracting primitive: Cube.002
09:34:00 | INFO: Primitives created: 1
09:34:00 | INFO: Finished glTF 2.0 export in 0.0070002079010009766 s

FBX version: 7400
09:34:00 | INFO: Starting glTF 2.0 export
09:34:00 | INFO: Extracting primitive: Cube.213
09:34:00 | INFO: Primitives created: 1
09:34:00 | INFO: Finished glTF 2.0 export in 0.005999326705932617 s

FBX version: 7400
09:34:00 | INFO: Starting glTF 2.0 export
09:34:00 | INFO: Extracting primitive: Cube.053
09:34:00 | INFO: Primitives created: 3
09:34:00 | INFO: Finished glTF 2.0 export in 0.009996175765991211 s

FBX version: 7400
09:34:00 | INFO: Starting glTF 2.0 export
09:34:00 | INFO: Extracting primitive: Plane.102
09:34:00 | INFO: Primitives created: 1
09:34:00 | INFO: Finished glTF 2.0 export in 0.006998538970947266 s

FBX version: 7400
09:34:00 | INFO: Starting glTF 2.0 export
09:34:00 | INFO: Extracting primitive: Plane.184
09:34:00 | INFO: Primitives created: 2
09:34:00 | INFO: Finished glTF 2.0 export in 0.012958526611328125 s

FBX version: 7400
09:34:00 | INFO: Starting glTF 2.0 export
09:34:00 | INFO: Extracting primitive: Plane.185
09:34:00 | INFO: Primitives created: 2
09:34:00 | INFO: Finished glTF 2.0 export in 0.008001565933227539 s

FBX version: 7400
09:34:00 | INFO: Starting glTF 2.0 export
09:34:00 | INFO: Extracting primitive: Plane.192
09:34:00 | INFO: Primitives created: 1
09:34:00 | INFO: Finished glTF 2.0 export in 0.006997823715209961 s

FBX version: 7400
09:34:00 | INFO: Starting glTF 2.0 export
09:34:00 | INFO: Extracting primitive: Plane.194
09:34:00 | INFO: Primitives created: 1
09:34:00 | INFO: Finished glTF 2.0 export in 0.0070002079010009766 s

FBX version: 7400
09:34:00 | INFO: Starting glTF 2.0 export
09:34:00 | INFO: Extracting primitive: Plane.129
09:34:00 | INFO: Primitives created: 1
09:34:00 | INFO: Finished glTF 2.0 export in 0.005025386810302734 s

FBX version: 7400
09:34:00 | INFO: Starting glTF 2.0 export
09:34:00 | INFO: Extracting primitive: Plane.175
09:34:00 | INFO: Primitives created: 1
09:34:00 | INFO: Finished glTF 2.0 export in 0.0059626102447509766 s

FBX version: 7400
09:34:00 | INFO: Starting glTF 2.0 export
09:34:00 | INFO: Extracting primitive: Plane.180
09:34:00 | INFO: Primitives created: 1
09:34:00 | INFO: Finished glTF 2.0 export in 0.009953498840332031 s

FBX version: 7400
09:34:01 | INFO: Starting glTF 2.0 export
09:34:01 | INFO: Extracting primitive: Plane.130
09:34:01 | INFO: Primitives created: 1
09:34:01 | INFO: Finished glTF 2.0 export in 0.00599980354309082 s

FBX version: 7400
09:34:01 | INFO: Starting glTF 2.0 export
09:34:01 | INFO: Extracting primitive: Cylinder.016
09:34:01 | INFO: Primitives created: 1
09:34:01 | INFO: Finished glTF 2.0 export in 0.011001348495483398 s

FBX version: 7400
09:34:01 | INFO: Starting glTF 2.0 export
09:34:01 | INFO: Extracting primitive: Cylinder.013
09:34:01 | INFO: Primitives created: 1
09:34:01 | INFO: Finished glTF 2.0 export in 0.006997823715209961 s

FBX version: 7400
09:34:01 | INFO: Starting glTF 2.0 export
09:34:01 | INFO: Extracting primitive: Cylinder.015
09:34:01 | INFO: Primitives created: 1
09:34:01 | INFO: Finished glTF 2.0 export in 0.007020235061645508 s

FBX version: 7400
09:34:01 | INFO: Starting glTF 2.0 export
09:34:01 | INFO: Extracting primitive: Cylinder.081
09:34:01 | INFO: Primitives created: 1
09:34:01 | INFO: Finished glTF 2.0 export in 0.00899958610534668 s

FBX version: 7400
09:34:01 | INFO: Starting glTF 2.0 export
09:34:01 | INFO: Extracting primitive: Cube.008
09:34:01 | INFO: Primitives created: 3
09:34:01 | INFO: Finished glTF 2.0 export in 0.011000394821166992 s

FBX version: 7400
09:34:01 | INFO: Starting glTF 2.0 export
09:34:01 | INFO: Extracting primitive: Cube.010
09:34:01 | INFO: Primitives created: 3
09:34:01 | INFO: Finished glTF 2.0 export in 0.010000228881835938 s

FBX version: 7400
09:34:01 | INFO: Starting glTF 2.0 export
09:34:01 | INFO: Extracting primitive: Cube.057
09:34:01 | INFO: Primitives created: 3
09:34:01 | INFO: Finished glTF 2.0 export in 0.016047239303588867 s

FBX version: 7400
09:34:01 | INFO: Starting glTF 2.0 export
09:34:01 | INFO: Extracting primitive: Cube.036
09:34:01 | INFO: Primitives created: 3
09:34:01 | INFO: Finished glTF 2.0 export in 0.011960029602050781 s

FBX version: 7400
09:34:01 | INFO: Starting glTF 2.0 export
09:34:01 | INFO: Extracting primitive: Cylinder.012
09:34:01 | INFO: Primitives created: 2
09:34:01 | INFO: Finished glTF 2.0 export in 0.009000301361083984 s

FBX version: 7400
09:34:01 | INFO: Starting glTF 2.0 export
09:34:01 | INFO: Extracting primitive: Plane.077
09:34:01 | INFO: Primitives created: 1
09:34:01 | INFO: Finished glTF 2.0 export in 0.005036354064941406 s

FBX version: 7400
09:34:02 | INFO: Starting glTF 2.0 export
09:34:02 | INFO: Extracting primitive: Plane.133
09:34:02 | INFO: Primitives created: 1
09:34:02 | INFO: Finished glTF 2.0 export in 0.005020618438720703 s

FBX version: 7400
09:34:02 | INFO: Starting glTF 2.0 export
09:34:02 | INFO: Extracting primitive: Plane.140
09:34:02 | INFO: Primitives created: 1
09:34:02 | INFO: Finished glTF 2.0 export in 0.005861759185791016 s

FBX version: 7400
09:34:02 | INFO: Starting glTF 2.0 export
09:34:02 | INFO: Extracting primitive: Plane.124
09:34:02 | INFO: Primitives created: 1
09:34:02 | INFO: Finished glTF 2.0 export in 0.005000591278076172 s

FBX version: 7400
09:34:02 | INFO: Starting glTF 2.0 export
09:34:02 | INFO: Extracting primitive: Plane.120
09:34:02 | INFO: Primitives created: 1
09:34:02 | INFO: Finished glTF 2.0 export in 0.004998207092285156 s

FBX version: 7400
09:34:02 | INFO: Starting glTF 2.0 export
09:34:02 | INFO: Extracting primitive: Plane.084
09:34:02 | INFO: Primitives created: 1
09:34:02 | INFO: Finished glTF 2.0 export in 0.0050013065338134766 s

FBX version: 7400
09:34:02 | INFO: Starting glTF 2.0 export
09:34:02 | INFO: Extracting primitive: Cube.062
09:34:02 | INFO: Primitives created: 2
09:34:02 | INFO: Finished glTF 2.0 export in 0.009000062942504883 s

FBX version: 7400
09:34:02 | INFO: Starting glTF 2.0 export
09:34:02 | INFO: Extracting primitive: Cube.054
09:34:02 | INFO: Primitives created: 2
09:34:02 | INFO: Finished glTF 2.0 export in 0.009003877639770508 s

FBX version: 7400
09:34:02 | INFO: Starting glTF 2.0 export
09:34:02 | INFO: Extracting primitive: Cube.059
09:34:02 | INFO: Primitives created: 2
09:34:02 | INFO: Finished glTF 2.0 export in 0.008003950119018555 s

FBX version: 7400
09:34:02 | INFO: Starting glTF 2.0 export
09:34:02 | INFO: Extracting primitive: Cube.212
09:34:02 | INFO: Primitives created: 2
09:34:02 | INFO: Finished glTF 2.0 export in 0.011998414993286133 s

FBX version: 7400
09:34:02 | INFO: Starting glTF 2.0 export
09:34:02 | INFO: Extracting primitive: Plane.066
09:34:02 | INFO: Primitives created: 4
09:34:02 | INFO: Finished glTF 2.0 export in 0.013004302978515625 s

FBX version: 7400
09:34:02 | INFO: Starting glTF 2.0 export
09:34:02 | INFO: Extracting primitive: Plane.028
09:34:02 | INFO: Primitives created: 4
09:34:02 | INFO: Finished glTF 2.0 export in 0.010998725891113281 s

FBX version: 7400
09:34:02 | INFO: Starting glTF 2.0 export
09:34:02 | INFO: Extracting primitive: Plane.091
09:34:02 | INFO: Primitives created: 1
09:34:02 | INFO: Finished glTF 2.0 export in 0.005002737045288086 s

FBX version: 7400
09:34:03 | INFO: Starting glTF 2.0 export
09:34:03 | INFO: Extracting primitive: Plane.136
09:34:03 | WARNING: The active Vertex Color will not be exported, as it is not used in the node tree of the material
09:34:03 | INFO: Primitives created: 4
09:34:03 | INFO: Finished glTF 2.0 export in 0.013997793197631836 s

FBX version: 7400
09:34:03 | INFO: Starting glTF 2.0 export
09:34:03 | INFO: Extracting primitive: Cylinder.021
09:34:03 | INFO: Primitives created: 2
09:34:03 | INFO: Finished glTF 2.0 export in 0.008998632431030273 s

FBX version: 7400
09:34:03 | INFO: Starting glTF 2.0 export
09:34:03 | INFO: Extracting primitive: Plane.148
09:34:03 | WARNING: The active Vertex Color will not be exported, as it is not used in the node tree of the material
09:34:03 | INFO: Primitives created: 2
09:34:03 | INFO: Finished glTF 2.0 export in 0.013987064361572266 s

FBX version: 7400
09:34:03 | INFO: Starting glTF 2.0 export
09:34:03 | INFO: Extracting primitive: BezierCurve.008
09:34:03 | WARNING: The active Vertex Color will not be exported, as it is not used in the node tree of the material
09:34:03 | INFO: Primitives created: 2
09:34:03 | INFO: Finished glTF 2.0 export in 0.015001058578491211 s

FBX version: 7400
09:34:03 | INFO: Starting glTF 2.0 export
09:34:03 | INFO: Extracting primitive: Cube.016
09:34:03 | INFO: Primitives created: 2
09:34:03 | INFO: Extracting primitive: Cube.001
09:34:03 | INFO: Primitives created: 2
09:34:03 | INFO: Finished glTF 2.0 export in 0.06096935272216797 s

FBX version: 7400
09:34:03 | INFO: Starting glTF 2.0 export
09:34:03 | INFO: Extracting primitive: Plane.029
09:34:03 | INFO: Primitives created: 2
09:34:03 | INFO: Finished glTF 2.0 export in 0.007999420166015625 s

FBX version: 7400
09:34:03 | INFO: Starting glTF 2.0 export
09:34:03 | INFO: Extracting primitive: Plane.097
09:34:03 | WARNING: The active Vertex Color will not be exported, as it is not used in the node tree of the material
09:34:03 | INFO: Primitives created: 3
09:34:03 | INFO: Finished glTF 2.0 export in 0.012959957122802734 s

FBX version: 7400
09:34:03 | INFO: Starting glTF 2.0 export
09:34:03 | INFO: Extracting primitive: Cube.023
09:34:03 | INFO: Primitives created: 1
09:34:03 | INFO: Finished glTF 2.0 export in 0.0060083866119384766 s

FBX version: 7400
09:34:03 | INFO: Starting glTF 2.0 export
09:34:03 | INFO: Extracting primitive: Cube.001
09:34:03 | INFO: Primitives created: 1
09:34:03 | INFO: Finished glTF 2.0 export in 0.0060002803802490234 s

FBX version: 7400
09:34:03 | INFO: Starting glTF 2.0 export
09:34:03 | INFO: Extracting primitive: Cylinder.022
09:34:03 | INFO: Primitives created: 3
09:34:03 | INFO: Extracting primitive: Cylinder.023
09:34:03 | INFO: Primitives created: 2
09:34:03 | INFO: Finished glTF 2.0 export in 0.05500388145446777 s

FBX version: 7400
09:34:03 | INFO: Starting glTF 2.0 export
09:34:03 | INFO: Extracting primitive: Plane.144
09:34:03 | INFO: Primitives created: 3
09:34:03 | INFO: Finished glTF 2.0 export in 0.009929418563842773 s

FBX version: 7400
09:34:04 | INFO: Starting glTF 2.0 export
09:34:04 | INFO: Extracting primitive: Cube.056
09:34:04 | INFO: Primitives created: 2
09:34:04 | INFO: Finished glTF 2.0 export in 0.010000944137573242 s

FBX version: 7400
09:34:04 | INFO: Starting glTF 2.0 export
09:34:04 | INFO: Extracting primitive: Plane.152
09:34:04 | INFO: Primitives created: 2
09:34:04 | INFO: Finished glTF 2.0 export in 0.0069997310638427734 s

FBX version: 7400
09:34:04 | INFO: Starting glTF 2.0 export
09:34:04 | INFO: Extracting primitive: Cube.216
09:34:04 | INFO: Primitives created: 2
09:34:04 | INFO: Finished glTF 2.0 export in 0.007058858871459961 s

FBX version: 7400
09:34:04 | INFO: Starting glTF 2.0 export
09:34:04 | INFO: Extracting primitive: Cube.216
09:34:04 | INFO: Primitives created: 2
09:34:04 | INFO: Finished glTF 2.0 export in 0.008002042770385742 s

FBX version: 7400
09:34:04 | INFO: Starting glTF 2.0 export
09:34:04 | INFO: Extracting primitive: Plane.050
09:34:04 | INFO: Primitives created: 3
09:34:04 | INFO: Finished glTF 2.0 export in 0.015004634857177734 s

FBX version: 7400
09:34:04 | INFO: Starting glTF 2.0 export
09:34:04 | INFO: Extracting primitive: Cylinder.028
09:34:04 | INFO: Primitives created: 1
09:34:04 | INFO: Finished glTF 2.0 export in 0.0069963932037353516 s

FBX version: 7400
09:34:04 | INFO: Starting glTF 2.0 export
09:34:04 | INFO: Extracting primitive: Cylinder.027
09:34:04 | INFO: Primitives created: 1
09:34:04 | INFO: Finished glTF 2.0 export in 0.007002830505371094 s

FBX version: 7400
09:34:04 | INFO: Starting glTF 2.0 export
09:34:04 | INFO: Extracting primitive: Cylinder.014
09:34:04 | INFO: Primitives created: 1
09:34:04 | INFO: Finished glTF 2.0 export in 0.0080413818359375 s

FBX version: 7400
09:34:04 | INFO: Starting glTF 2.0 export
09:34:04 | INFO: Extracting primitive: Cylinder.057
09:34:04 | INFO: Primitives created: 1
09:34:04 | INFO: Finished glTF 2.0 export in 0.009999752044677734 s

FBX version: 7400
09:34:04 | INFO: Starting glTF 2.0 export
09:34:04 | INFO: Extracting primitive: Cylinder.019
09:34:04 | INFO: Primitives created: 1
09:34:04 | INFO: Finished glTF 2.0 export in 0.00693202018737793 s

FBX version: 7400
09:34:04 | INFO: Starting glTF 2.0 export
09:34:04 | INFO: Extracting primitive: Cylinder.046
09:34:04 | INFO: Primitives created: 1
09:34:04 | INFO: Finished glTF 2.0 export in 0.007068634033203125 s

FBX version: 7400
09:34:04 | INFO: Starting glTF 2.0 export
09:34:04 | INFO: Extracting primitive: Cylinder.017
09:34:04 | INFO: Primitives created: 1
09:34:04 | INFO: Finished glTF 2.0 export in 0.005987882614135742 s

FBX version: 7400
09:34:04 | INFO: Starting glTF 2.0 export
09:34:04 | INFO: Extracting primitive: Cylinder.024
09:34:04 | INFO: Primitives created: 1
09:34:04 | INFO: Finished glTF 2.0 export in 0.009001731872558594 s

FBX version: 7400
09:34:05 | INFO: Starting glTF 2.0 export
09:34:05 | INFO: Extracting primitive: Cylinder.026
09:34:05 | INFO: Primitives created: 1
09:34:05 | INFO: Finished glTF 2.0 export in 0.008001565933227539 s

FBX version: 7400
09:34:05 | INFO: Starting glTF 2.0 export
09:34:05 | INFO: Extracting primitive: Plane
09:34:05 | INFO: Primitives created: 2
09:34:05 | INFO: Finished glTF 2.0 export in 0.007998466491699219 s

FBX version: 7400
09:34:05 | INFO: Starting glTF 2.0 export
09:34:05 | INFO: Extracting primitive: Cube.067
09:34:05 | INFO: Primitives created: 3
09:34:05 | INFO: Finished glTF 2.0 export in 0.009000539779663086 s

FBX version: 7400
09:34:05 | INFO: Starting glTF 2.0 export
09:34:05 | INFO: Extracting primitive: Plane.075
09:34:05 | INFO: Primitives created: 3
09:34:05 | INFO: Finished glTF 2.0 export in 0.008990287780761719 s

FBX version: 7400
09:34:05 | INFO: Starting glTF 2.0 export
09:34:05 | INFO: Extracting primitive: Plane.082
09:34:05 | INFO: Primitives created: 2
09:34:05 | INFO: Finished glTF 2.0 export in 0.006984710693359375 s

FBX version: 7400
09:34:05 | INFO: Starting glTF 2.0 export
09:34:05 | INFO: Extracting primitive: Plane.177
09:34:05 | INFO: Primitives created: 2
09:34:05 | INFO: Finished glTF 2.0 export in 0.008026838302612305 s

FBX version: 7400
09:34:05 | INFO: Starting glTF 2.0 export
09:34:05 | INFO: Extracting primitive: Plane.116
09:34:05 | INFO: Primitives created: 2
09:34:05 | INFO: Finished glTF 2.0 export in 0.012001514434814453 s

FBX version: 7400
09:34:05 | INFO: Starting glTF 2.0 export
09:34:05 | INFO: Extracting primitive: Plane.115
09:34:05 | INFO: Primitives created: 2
09:34:05 | INFO: Finished glTF 2.0 export in 0.00799870491027832 s

FBX version: 7400
09:34:05 | INFO: Starting glTF 2.0 export
09:34:05 | INFO: Extracting primitive: Plane.125
09:34:05 | INFO: Primitives created: 2
09:34:05 | INFO: Finished glTF 2.0 export in 0.00807809829711914 s

FBX version: 7400
09:34:05 | INFO: Starting glTF 2.0 export
09:34:05 | INFO: Extracting primitive: Plane.112
09:34:05 | INFO: Primitives created: 2
09:34:05 | INFO: Finished glTF 2.0 export in 0.0069882869720458984 s

FBX version: 7400
09:34:05 | INFO: Starting glTF 2.0 export
09:34:05 | INFO: Extracting primitive: Plane.163
09:34:05 | INFO: Primitives created: 2
09:34:05 | INFO: Finished glTF 2.0 export in 0.008048772811889648 s

FBX version: 7400
09:34:05 | INFO: Starting glTF 2.0 export
09:34:05 | INFO: Extracting primitive: Plane.170
09:34:05 | INFO: Primitives created: 1
09:34:05 | INFO: Finished glTF 2.0 export in 0.003984928131103516 s

FBX version: 7400
09:34:06 | INFO: Starting glTF 2.0 export
09:34:06 | INFO: Extracting primitive: Plane.183
09:34:06 | INFO: Primitives created: 1
09:34:06 | INFO: Finished glTF 2.0 export in 0.004006862640380859 s

FBX version: 7400
09:34:06 | INFO: Starting glTF 2.0 export
09:34:06 | INFO: Extracting primitive: Plane.198
09:34:06 | INFO: Primitives created: 1
09:34:06 | INFO: Finished glTF 2.0 export in 0.003998994827270508 s

FBX version: 7400
09:34:06 | INFO: Starting glTF 2.0 export
09:34:06 | INFO: Extracting primitive: Plane.199
09:34:06 | INFO: Primitives created: 1
09:34:06 | INFO: Finished glTF 2.0 export in 0.003994464874267578 s

FBX version: 7400
09:34:06 | INFO: Starting glTF 2.0 export
09:34:06 | INFO: Extracting primitive: Plane.159
09:34:06 | INFO: Primitives created: 1
09:34:06 | INFO: Finished glTF 2.0 export in 0.003999948501586914 s

FBX version: 7400
09:34:06 | INFO: Starting glTF 2.0 export
09:34:06 | INFO: Extracting primitive: Plane.294
09:34:06 | INFO: Primitives created: 1
09:34:06 | INFO: Finished glTF 2.0 export in 0.005001068115234375 s

FBX version: 7400
09:34:06 | INFO: Starting glTF 2.0 export
09:34:06 | INFO: Extracting primitive: Plane.281
09:34:06 | INFO: Primitives created: 1
09:34:06 | INFO: Finished glTF 2.0 export in 0.004008769989013672 s

FBX version: 7400
09:34:06 | INFO: Starting glTF 2.0 export
09:34:06 | INFO: Extracting primitive: Plane.239
09:34:06 | INFO: Primitives created: 1
09:34:06 | INFO: Finished glTF 2.0 export in 0.0029630661010742188 s

FBX version: 7400
09:34:06 | INFO: Starting glTF 2.0 export
09:34:06 | INFO: Extracting primitive: Plane.290
09:34:06 | INFO: Primitives created: 2
09:34:06 | INFO: Finished glTF 2.0 export in 0.006966352462768555 s

FBX version: 7400
09:34:06 | INFO: Starting glTF 2.0 export
09:34:06 | INFO: Extracting primitive: Plane.276
09:34:06 | INFO: Primitives created: 2
09:34:06 | INFO: Finished glTF 2.0 export in 0.006997823715209961 s

FBX version: 7400
09:34:06 | INFO: Starting glTF 2.0 export
09:34:06 | INFO: Extracting primitive: Plane.245
09:34:06 | INFO: Primitives created: 2
09:34:06 | INFO: Finished glTF 2.0 export in 0.006999969482421875 s

FBX version: 7400
09:34:06 | INFO: Starting glTF 2.0 export
09:34:06 | INFO: Extracting primitive: Plane.297
09:34:06 | INFO: Primitives created: 1
09:34:06 | INFO: Finished glTF 2.0 export in 0.0059969425201416016 s

FBX version: 7400
09:34:06 | INFO: Starting glTF 2.0 export
09:34:06 | INFO: Extracting primitive: Plane.285
09:34:06 | INFO: Primitives created: 1
09:34:06 | INFO: Finished glTF 2.0 export in 0.004999399185180664 s

FBX version: 7400
09:34:06 | INFO: Starting glTF 2.0 export
09:34:06 | INFO: Extracting primitive: Plane.243
09:34:06 | INFO: Primitives created: 1
09:34:06 | INFO: Finished glTF 2.0 export in 0.004998683929443359 s

FBX version: 7400
09:34:06 | INFO: Starting glTF 2.0 export
09:34:06 | INFO: Extracting primitive: Plane.292
09:34:06 | INFO: Primitives created: 1
09:34:06 | INFO: Finished glTF 2.0 export in 0.005000591278076172 s

FBX version: 7400
09:34:07 | INFO: Starting glTF 2.0 export
09:34:07 | INFO: Extracting primitive: Plane.279
09:34:07 | INFO: Primitives created: 1
09:34:07 | INFO: Finished glTF 2.0 export in 0.004998922348022461 s

FBX version: 7400
09:34:07 | INFO: Starting glTF 2.0 export
09:34:07 | INFO: Extracting primitive: Plane.237
09:34:07 | INFO: Primitives created: 1
09:34:07 | INFO: Finished glTF 2.0 export in 0.003999233245849609 s

FBX version: 7400
09:34:07 | INFO: Starting glTF 2.0 export
09:34:07 | INFO: Extracting primitive: Plane.291
09:34:07 | INFO: Primitives created: 1
09:34:07 | INFO: Finished glTF 2.0 export in 0.0050008296966552734 s

FBX version: 7400
09:34:07 | INFO: Starting glTF 2.0 export
09:34:07 | INFO: Extracting primitive: Plane.278
09:34:07 | INFO: Primitives created: 1
09:34:07 | INFO: Finished glTF 2.0 export in 0.00600123405456543 s

FBX version: 7400
09:34:07 | INFO: Starting glTF 2.0 export
09:34:07 | INFO: Extracting primitive: Plane.227
09:34:07 | INFO: Primitives created: 1
09:34:07 | INFO: Finished glTF 2.0 export in 0.00800180435180664 s

FBX version: 7400
09:34:07 | INFO: Starting glTF 2.0 export
09:34:07 | INFO: Extracting primitive: Plane.293
09:34:07 | INFO: Primitives created: 1
09:34:07 | INFO: Finished glTF 2.0 export in 0.004988193511962891 s

FBX version: 7400
09:34:07 | INFO: Starting glTF 2.0 export
09:34:07 | INFO: Extracting primitive: Plane.280
09:34:07 | INFO: Primitives created: 1
09:34:07 | INFO: Finished glTF 2.0 export in 0.023006200790405273 s

FBX version: 7400
09:34:07 | INFO: Starting glTF 2.0 export
09:34:07 | INFO: Extracting primitive: Plane.238
09:34:07 | INFO: Primitives created: 1
09:34:07 | INFO: Finished glTF 2.0 export in 0.005046844482421875 s

FBX version: 7400
09:34:07 | INFO: Starting glTF 2.0 export
09:34:07 | INFO: Extracting primitive: Plane.296
09:34:07 | INFO: Primitives created: 1
09:34:07 | INFO: Finished glTF 2.0 export in 0.004998922348022461 s

FBX version: 7400
09:34:07 | INFO: Starting glTF 2.0 export
09:34:07 | INFO: Extracting primitive: Plane.283
09:34:07 | INFO: Primitives created: 1
09:34:07 | INFO: Finished glTF 2.0 export in 0.005001068115234375 s

FBX version: 7400
09:34:07 | INFO: Starting glTF 2.0 export
09:34:07 | INFO: Extracting primitive: Plane.241
09:34:07 | INFO: Primitives created: 1
09:34:07 | INFO: Finished glTF 2.0 export in 0.003984928131103516 s

FBX version: 7400
09:34:07 | INFO: Starting glTF 2.0 export
09:34:07 | INFO: Extracting primitive: Plane.298
09:34:07 | INFO: Primitives created: 1
09:34:07 | INFO: Finished glTF 2.0 export in 0.003999948501586914 s

FBX version: 7400
09:34:07 | INFO: Starting glTF 2.0 export
09:34:07 | INFO: Extracting primitive: Plane.287
09:34:07 | INFO: Primitives created: 1
09:34:07 | INFO: Finished glTF 2.0 export in 0.0039997100830078125 s

FBX version: 7400
09:34:07 | INFO: Starting glTF 2.0 export
09:34:07 | INFO: Extracting primitive: Plane.246
09:34:07 | INFO: Primitives created: 1
09:34:07 | INFO: Finished glTF 2.0 export in 0.0029883384704589844 s

FBX version: 7400
09:34:08 | INFO: Starting glTF 2.0 export
09:34:08 | INFO: Extracting primitive: Plane.295
09:34:08 | INFO: Primitives created: 1
09:34:08 | INFO: Finished glTF 2.0 export in 0.003998756408691406 s

FBX version: 7400
09:34:08 | INFO: Starting glTF 2.0 export
09:34:08 | INFO: Extracting primitive: Plane.282
09:34:08 | INFO: Primitives created: 1
09:34:08 | INFO: Finished glTF 2.0 export in 0.003998517990112305 s

FBX version: 7400
09:34:08 | INFO: Starting glTF 2.0 export
09:34:08 | INFO: Extracting primitive: Plane.240
09:34:08 | INFO: Primitives created: 1
09:34:08 | INFO: Finished glTF 2.0 export in 0.003998994827270508 s

FBX version: 7400
09:34:08 | INFO: Starting glTF 2.0 export
09:34:08 | INFO: Extracting primitive: Plane.289
09:34:08 | INFO: Primitives created: 1
09:34:08 | INFO: Finished glTF 2.0 export in 0.004007816314697266 s

FBX version: 7400
09:34:08 | INFO: Starting glTF 2.0 export
09:34:08 | INFO: Extracting primitive: Plane.274
09:34:08 | INFO: Primitives created: 1
09:34:08 | INFO: Finished glTF 2.0 export in 0.00400543212890625 s

FBX version: 7400
09:34:08 | INFO: Starting glTF 2.0 export
09:34:08 | INFO: Extracting primitive: Plane.242
09:34:08 | INFO: Primitives created: 1
09:34:08 | INFO: Finished glTF 2.0 export in 0.003984212875366211 s

FBX version: 7400
09:34:08 | INFO: Starting glTF 2.0 export
09:34:08 | INFO: Extracting primitive: Plane.143
09:34:08 | INFO: Primitives created: 3
09:34:08 | INFO: Finished glTF 2.0 export in 0.009989023208618164 s

FBX version: 7400
09:34:08 | INFO: Starting glTF 2.0 export
09:34:08 | INFO: Extracting primitive: Plane.251
09:34:08 | INFO: Primitives created: 3
09:34:08 | INFO: Finished glTF 2.0 export in 0.010001420974731445 s

FBX version: 7400
09:34:08 | INFO: Starting glTF 2.0 export
09:34:08 | INFO: Extracting primitive: Plane.006
09:34:08 | INFO: Primitives created: 3
09:34:08 | INFO: Finished glTF 2.0 export in 0.008954524993896484 s

FBX version: 7400
09:34:08 | INFO: Starting glTF 2.0 export
09:34:08 | INFO: Extracting primitive: Plane.089
09:34:08 | WARNING: The active Vertex Color will not be exported, as it is not used in the node tree of the material
09:34:08 | INFO: Primitives created: 4
09:34:08 | INFO: Finished glTF 2.0 export in 0.01999974250793457 s

FBX version: 7400
09:34:08 | INFO: Starting glTF 2.0 export
09:34:08 | INFO: Extracting primitive: Plane.080
09:34:08 | WARNING: The active Vertex Color will not be exported, as it is not used in the node tree of the material
09:34:08 | INFO: Primitives created: 4
09:34:08 | INFO: Finished glTF 2.0 export in 0.01798701286315918 s

FBX version: 7400
09:34:08 | INFO: Starting glTF 2.0 export
09:34:08 | INFO: Extracting primitive: Plane.074
09:34:08 | WARNING: The active Vertex Color will not be exported, as it is not used in the node tree of the material
09:34:08 | INFO: Primitives created: 4
09:34:08 | INFO: Finished glTF 2.0 export in 0.01799774169921875 s

FBX version: 7400
09:34:09 | INFO: Starting glTF 2.0 export
09:34:09 | INFO: Extracting primitive: Plane.073
09:34:09 | WARNING: The active Vertex Color will not be exported, as it is not used in the node tree of the material
09:34:09 | INFO: Primitives created: 4
09:34:09 | INFO: Finished glTF 2.0 export in 0.017998933792114258 s

FBX version: 7400
09:34:09 | INFO: Starting glTF 2.0 export
09:34:09 | INFO: Extracting primitive: Plane.088
09:34:09 | WARNING: The active Vertex Color will not be exported, as it is not used in the node tree of the material
09:34:09 | INFO: Primitives created: 4
09:34:09 | INFO: Finished glTF 2.0 export in 0.015001773834228516 s

FBX version: 7400
09:34:09 | INFO: Starting glTF 2.0 export
09:34:09 | INFO: Extracting primitive: Plane.076
09:34:09 | WARNING: The active Vertex Color will not be exported, as it is not used in the node tree of the material
09:34:09 | INFO: Primitives created: 4
09:34:09 | INFO: Finished glTF 2.0 export in 0.016024112701416016 s

FBX version: 7400
09:34:09 | INFO: Starting glTF 2.0 export
09:34:09 | INFO: Extracting primitive: Plane.072
09:34:09 | INFO: Primitives created: 2
09:34:09 | INFO: Finished glTF 2.0 export in 0.006940603256225586 s

FBX version: 7400
09:34:09 | INFO: Starting glTF 2.0 export
09:34:09 | INFO: Extracting primitive: Plane.071
09:34:09 | INFO: Primitives created: 3
09:34:09 | INFO: Finished glTF 2.0 export in 0.008015155792236328 s

FBX version: 7400
09:34:09 | INFO: Starting glTF 2.0 export
09:34:09 | INFO: Extracting primitive: Plane.070
09:34:09 | INFO: Primitives created: 3
09:34:09 | INFO: Finished glTF 2.0 export in 0.012000322341918945 s

FBX version: 7400
09:34:09 | INFO: Starting glTF 2.0 export
09:34:09 | INFO: Extracting primitive: Plane.069
09:34:09 | INFO: Primitives created: 3
09:34:09 | INFO: Finished glTF 2.0 export in 0.011005163192749023 s

FBX version: 7400
09:34:09 | INFO: Starting glTF 2.0 export
09:34:09 | INFO: Extracting primitive: Plane.093
09:34:09 | INFO: Primitives created: 1
09:34:09 | INFO: Finished glTF 2.0 export in 0.023000240325927734 s

FBX version: 7400
09:34:09 | INFO: Starting glTF 2.0 export
09:34:09 | INFO: Extracting primitive: Plane.248
09:34:09 | INFO: Primitives created: 1
09:34:09 | INFO: Finished glTF 2.0 export in 0.005000591278076172 s

FBX version: 7400
09:34:09 | INFO: Starting glTF 2.0 export
09:34:09 | INFO: Extracting primitive: Plane.085
09:34:09 | INFO: Primitives created: 1
09:34:09 | INFO: Finished glTF 2.0 export in 0.004001140594482422 s

FBX version: 7400
09:34:09 | INFO: Starting glTF 2.0 export
09:34:09 | INFO: Extracting primitive: Plane.173
09:34:09 | INFO: Primitives created: 4
09:34:09 | INFO: Finished glTF 2.0 export in 0.010985136032104492 s

FBX version: 7400
09:34:09 | INFO: Starting glTF 2.0 export
09:34:09 | INFO: Extracting primitive: Plane.174
09:34:09 | INFO: Primitives created: 4
09:34:09 | INFO: Finished glTF 2.0 export in 0.010999441146850586 s

FBX version: 7400
09:34:10 | INFO: Starting glTF 2.0 export
09:34:10 | INFO: Extracting primitive: Plane.172
09:34:10 | INFO: Primitives created: 4
09:34:10 | INFO: Finished glTF 2.0 export in 0.008996725082397461 s

FBX version: 7400
09:34:10 | INFO: Starting glTF 2.0 export
09:34:10 | INFO: Extracting primitive: Plane.131
09:34:10 | INFO: Primitives created: 5
09:34:10 | INFO: Finished glTF 2.0 export in 0.013025045394897461 s

FBX version: 7400
09:34:10 | INFO: Starting glTF 2.0 export
09:34:10 | INFO: Extracting primitive: Cube.019
09:34:10 | INFO: Primitives created: 5
09:34:10 | INFO: Finished glTF 2.0 export in 0.014000892639160156 s

FBX version: 7400
09:34:10 | INFO: Starting glTF 2.0 export
09:34:10 | INFO: Extracting primitive: Cube.048
09:34:10 | INFO: Primitives created: 5
09:34:10 | INFO: Finished glTF 2.0 export in 0.01199960708618164 s

FBX version: 7400
09:34:10 | INFO: Starting glTF 2.0 export
09:34:10 | INFO: Extracting primitive: Cube.052
09:34:10 | INFO: Primitives created: 5
09:34:10 | INFO: Finished glTF 2.0 export in 0.015007972717285156 s

FBX version: 7400
09:34:10 | INFO: Starting glTF 2.0 export
09:34:10 | INFO: Extracting primitive: Cube.017
09:34:10 | INFO: Primitives created: 5
09:34:10 | INFO: Finished glTF 2.0 export in 0.012945413589477539 s

FBX version: 7400
09:34:10 | INFO: Starting glTF 2.0 export
09:34:10 | INFO: Extracting primitive: Plane.135
09:34:10 | WARNING: The active Vertex Color will not be exported, as it is not used in the node tree of the material
09:34:10 | INFO: Primitives created: 6
09:34:10 | INFO: Finished glTF 2.0 export in 0.021984577178955078 s

FBX version: 7400
09:34:10 | INFO: Starting glTF 2.0 export
09:34:10 | INFO: Extracting primitive: Plane.121
09:34:10 | INFO: Primitives created: 5
09:34:10 | INFO: Finished glTF 2.0 export in 0.014001131057739258 s

FBX version: 7400
09:34:10 | INFO: Starting glTF 2.0 export
09:34:10 | INFO: Extracting primitive: Plane.162
09:34:10 | INFO: Primitives created: 3
09:34:10 | INFO: Finished glTF 2.0 export in 0.006997346878051758 s

FBX version: 7400
09:34:10 | INFO: Starting glTF 2.0 export
09:34:10 | INFO: Extracting primitive: Plane.158
09:34:10 | INFO: Primitives created: 5
09:34:10 | INFO: Finished glTF 2.0 export in 0.013993263244628906 s

FBX version: 7400
09:34:10 | INFO: Starting glTF 2.0 export
09:34:10 | INFO: Extracting primitive: Plane.157
09:34:10 | INFO: Primitives created: 5
09:34:10 | INFO: Finished glTF 2.0 export in 0.013001203536987305 s

FBX version: 7400
09:34:11 | INFO: Starting glTF 2.0 export
09:34:11 | INFO: Extracting primitive: Plane.081
09:34:11 | INFO: Primitives created: 3
09:34:11 | INFO: Finished glTF 2.0 export in 0.009006500244140625 s

FBX version: 7400
09:34:11 | INFO: Starting glTF 2.0 export
09:34:11 | INFO: Extracting primitive: Plane.127
09:34:11 | INFO: Primitives created: 3
09:34:11 | INFO: Finished glTF 2.0 export in 0.008998870849609375 s

FBX version: 7400
09:34:11 | INFO: Starting glTF 2.0 export
09:34:11 | INFO: Extracting primitive: Plane.104
09:34:11 | INFO: Primitives created: 3
09:34:11 | INFO: Finished glTF 2.0 export in 0.008988380432128906 s

FBX version: 7400
09:34:11 | INFO: Starting glTF 2.0 export
09:34:11 | INFO: Extracting primitive: Plane.002
09:34:11 | INFO: Primitives created: 3
09:34:11 | INFO: Finished glTF 2.0 export in 0.010001182556152344 s

FBX version: 7400
09:34:11 | INFO: Starting glTF 2.0 export
09:34:11 | INFO: Extracting primitive: Plane.101
09:34:11 | INFO: Primitives created: 3
09:34:11 | INFO: Finished glTF 2.0 export in 0.007995367050170898 s

FBX version: 7400
09:34:11 | INFO: Starting glTF 2.0 export
09:34:11 | INFO: Extracting primitive: Plane.039
09:34:11 | INFO: Primitives created: 3
09:34:11 | INFO: Finished glTF 2.0 export in 0.00800776481628418 s

FBX version: 7400
09:34:11 | INFO: Starting glTF 2.0 export
09:34:11 | INFO: Extracting primitive: Plane.168
09:34:11 | INFO: Primitives created: 2
09:34:11 | INFO: Finished glTF 2.0 export in 0.0059926509857177734 s

FBX version: 7400
09:34:11 | INFO: Starting glTF 2.0 export
09:34:11 | INFO: Extracting primitive: Plane.166
09:34:11 | INFO: Primitives created: 2
09:34:11 | INFO: Finished glTF 2.0 export in 0.007010936737060547 s

FBX version: 7400
09:34:11 | INFO: Starting glTF 2.0 export
09:34:11 | INFO: Extracting primitive: Plane.113
09:34:11 | INFO: Primitives created: 4
09:34:11 | INFO: Finished glTF 2.0 export in 0.010986089706420898 s

FBX version: 7400
09:34:11 | INFO: Starting glTF 2.0 export
09:34:11 | INFO: Extracting primitive: Plane.096
09:34:11 | INFO: Primitives created: 4
09:34:11 | INFO: Finished glTF 2.0 export in 0.011000633239746094 s

FBX version: 7400
09:34:11 | INFO: Starting glTF 2.0 export
09:34:11 | INFO: Extracting primitive: Plane.153
09:34:11 | INFO: Primitives created: 4
09:34:11 | INFO: Finished glTF 2.0 export in 0.00999140739440918 s

FBX version: 7400
09:34:11 | INFO: Starting glTF 2.0 export
09:34:11 | INFO: Extracting primitive: Plane.160
09:34:11 | INFO: Primitives created: 4
09:34:11 | INFO: Finished glTF 2.0 export in 0.010984420776367188 s

FBX version: 7400
09:34:11 | INFO: Starting glTF 2.0 export
09:34:11 | INFO: Extracting primitive: Plane.165
09:34:11 | INFO: Primitives created: 4
09:34:11 | INFO: Finished glTF 2.0 export in 0.00999903678894043 s

[megakit] done. ok=378 fail=0
Blender 5.0.1 (hash a3db93c5b259 built 2025-12-16 01:32:30)

Blender quit
[scifi-megakit] +189 additions

=== fantasy-props ===
[fantasy-props] extracting C:/Users/l/Downloads/Fantasy Props MegaKit[Standard].zip
[megakit] resized 43/43 PNGs to 1024px (skipped already-small ones)
[fantasy-props] running Blender FBX -> GLB...
BlenderMCP addon registered
[megakit] found 94 FBX files under C:\Users\l\AppData\Local\Temp\megakit-import\fantasy-props
BlenderMCP addon unregistered
FBX version: 7400
INFO Draco mesh compression is available, use library at C:\Program Files\Blender Foundation\Blender 5.0\5.0\scripts\addons_core\io_scene_gltf2\extern_draco.dll
09:34:29 | INFO: Starting glTF 2.0 export
09:34:29 | INFO: Extracting primitive: Cube.025
09:34:29 | INFO: Primitives created: 1
09:34:30 | INFO: Finished glTF 2.0 export in 0.009000062942504883 s

FBX version: 7400
09:34:30 | INFO: Starting glTF 2.0 export
09:34:30 | INFO: Extracting primitive: Cylinder.036
09:34:30 | INFO: Primitives created: 3
09:34:30 | INFO: Finished glTF 2.0 export in 0.020998716354370117 s

FBX version: 7400
09:34:30 | INFO: Starting glTF 2.0 export
09:34:30 | INFO: Extracting primitive: Cylinder.004
09:34:30 | WARNING: The active Vertex Color will not be exported, as it is not used in the node tree of the material
09:34:30 | INFO: Primitives created: 1
09:34:30 | INFO: Finished glTF 2.0 export in 0.007994413375854492 s

FBX version: 7400
09:34:30 | INFO: Starting glTF 2.0 export
09:34:30 | INFO: Extracting primitive: Cube_Retopology.002
09:34:30 | WARNING: The active Vertex Color will not be exported, as it is not used in the node tree of the material
09:34:30 | INFO: Primitives created: 2
09:34:30 | INFO: Finished glTF 2.0 export in 0.014002799987792969 s

FBX version: 7400
09:34:30 | INFO: Starting glTF 2.0 export
09:34:30 | INFO: Extracting primitive: Cube.187
09:34:30 | WARNING: The active Vertex Color will not be exported, as it is not used in the node tree of the material
09:34:30 | INFO: Primitives created: 3
09:34:30 | INFO: Finished glTF 2.0 export in 0.012999773025512695 s

FBX version: 7400
09:34:30 | INFO: Starting glTF 2.0 export
09:34:30 | INFO: Extracting primitive: Cube.227
09:34:30 | WARNING: The active Vertex Color will not be exported, as it is not used in the node tree of the material
09:34:30 | INFO: Primitives created: 2
09:34:30 | INFO: Finished glTF 2.0 export in 0.013963699340820312 s

FBX version: 7400
09:34:30 | INFO: Starting glTF 2.0 export
09:34:30 | INFO: Extracting primitive: Cube.236
09:34:30 | WARNING: The active Vertex Color will not be exported, as it is not used in the node tree of the material
09:34:30 | INFO: Primitives created: 3
09:34:30 | INFO: Finished glTF 2.0 export in 0.01299738883972168 s

FBX version: 7400
09:34:30 | INFO: Starting glTF 2.0 export
09:34:30 | INFO: Extracting primitive: Cube.225
09:34:30 | WARNING: The active Vertex Color will not be exported, as it is not used in the node tree of the material
09:34:30 | INFO: Primitives created: 2
09:34:30 | INFO: Finished glTF 2.0 export in 0.007985830307006836 s

FBX version: 7400
09:34:30 | INFO: Starting glTF 2.0 export
09:34:30 | INFO: Extracting primitive: Cylinder
09:34:30 | WARNING: The active Vertex Color will not be exported, as it is not used in the node tree of the material
09:34:30 | INFO: Primitives created: 2
09:34:30 | INFO: Finished glTF 2.0 export in 0.009998798370361328 s

FBX version: 7400
09:34:30 | INFO: Starting glTF 2.0 export
09:34:30 | INFO: Extracting primitive: Cylinder.054
09:34:30 | WARNING: The active Vertex Color will not be exported, as it is not used in the node tree of the material
09:34:30 | INFO: Primitives created: 3
09:34:30 | INFO: Finished glTF 2.0 export in 0.013996362686157227 s

FBX version: 7400
09:34:30 | INFO: Starting glTF 2.0 export
09:34:30 | INFO: Extracting primitive: Cube.045
09:34:30 | WARNING: The active Vertex Color will not be exported, as it is not used in the node tree of the material
09:34:30 | INFO: Primitives created: 2
09:34:30 | INFO: Finished glTF 2.0 export in 0.01100015640258789 s

FBX version: 7400
09:34:31 | INFO: Starting glTF 2.0 export
09:34:31 | INFO: Extracting primitive: Cube.188
09:34:31 | WARNING: The active Vertex Color will not be exported, as it is not used in the node tree of the material
09:34:31 | INFO: Primitives created: 3
09:34:31 | INFO: Finished glTF 2.0 export in 0.01400303840637207 s

FBX version: 7400
09:34:31 | INFO: Starting glTF 2.0 export
09:34:31 | INFO: Extracting primitive: Cube.217
09:34:31 | WARNING: The active Vertex Color will not be exported, as it is not used in the node tree of the material
09:34:31 | INFO: Primitives created: 3
09:34:31 | INFO: Finished glTF 2.0 export in 0.012011289596557617 s

FBX version: 7400
09:34:31 | INFO: Starting glTF 2.0 export
09:34:31 | INFO: Extracting primitive: Cube.011
09:34:31 | WARNING: The active Vertex Color will not be exported, as it is not used in the node tree of the material
09:34:31 | INFO: Primitives created: 2
09:34:31 | INFO: Finished glTF 2.0 export in 0.007996559143066406 s

FBX version: 7400
09:34:31 | INFO: Starting glTF 2.0 export
09:34:31 | INFO: Extracting primitive: Cube.024
09:34:31 | WARNING: The active Vertex Color will not be exported, as it is not used in the node tree of the material
09:34:31 | INFO: Primitives created: 1
09:34:31 | INFO: Finished glTF 2.0 export in 0.0059413909912109375 s

FBX version: 7400
09:34:31 | INFO: Starting glTF 2.0 export
09:34:31 | INFO: Extracting primitive: Cube.092
09:34:31 | WARNING: The active Vertex Color will not be exported, as it is not used in the node tree of the material
09:34:31 | INFO: Primitives created: 1
09:34:31 | INFO: Finished glTF 2.0 export in 0.006003618240356445 s

FBX version: 7400
09:34:31 | INFO: Starting glTF 2.0 export
09:34:31 | INFO: Extracting primitive: Cube.135
09:34:31 | WARNING: The active Vertex Color will not be exported, as it is not used in the node tree of the material
09:34:31 | INFO: Primitives created: 1
09:34:31 | INFO: Finished glTF 2.0 export in 0.004961490631103516 s

FBX version: 7400
09:34:31 | INFO: Starting glTF 2.0 export
09:34:31 | INFO: Extracting primitive: Cube.146
09:34:31 | WARNING: The active Vertex Color will not be exported, as it is not used in the node tree of the material
09:34:31 | INFO: Primitives created: 1
09:34:31 | INFO: Finished glTF 2.0 export in 0.006997108459472656 s

FBX version: 7400
09:34:31 | INFO: Starting glTF 2.0 export
09:34:31 | INFO: Extracting primitive: Cube.148
09:34:31 | WARNING: The active Vertex Color will not be exported, as it is not used in the node tree of the material
09:34:31 | INFO: Primitives created: 1
09:34:31 | INFO: Finished glTF 2.0 export in 0.0059893131256103516 s

FBX version: 7400
09:34:31 | INFO: Starting glTF 2.0 export
09:34:31 | INFO: Extracting primitive: Cube.149
09:34:31 | WARNING: The active Vertex Color will not be exported, as it is not used in the node tree of the material
09:34:31 | INFO: Primitives created: 1
09:34:31 | INFO: Finished glTF 2.0 export in 0.005999088287353516 s

FBX version: 7400
09:34:31 | INFO: Starting glTF 2.0 export
09:34:31 | INFO: Extracting primitive: Cube.169
09:34:31 | INFO: Primitives created: 1
09:34:31 | INFO: Finished glTF 2.0 export in 0.00798344612121582 s

FBX version: 7400
09:34:31 | INFO: Starting glTF 2.0 export
09:34:31 | INFO: Extracting primitive: Cube.141
09:34:31 | WARNING: The active Vertex Color will not be exported, as it is not used in the node tree of the material
09:34:31 | INFO: Primitives created: 1
09:34:31 | INFO: Finished glTF 2.0 export in 0.005001544952392578 s

FBX version: 7400
09:34:31 | INFO: Starting glTF 2.0 export
09:34:31 | INFO: Extracting primitive: Cube.133
09:34:31 | WARNING: The active Vertex Color will not be exported, as it is not used in the node tree of the material
09:34:31 | INFO: Primitives created: 2
09:34:31 | INFO: Finished glTF 2.0 export in 0.00999760627746582 s

FBX version: 7400
09:34:31 | INFO: Starting glTF 2.0 export
09:34:31 | INFO: Extracting primitive: Cube.150
09:34:31 | WARNING: The active Vertex Color will not be exported, as it is not used in the node tree of the material
09:34:31 | INFO: Primitives created: 1
09:34:31 | INFO: Finished glTF 2.0 export in 0.005949974060058594 s

FBX version: 7400
09:34:32 | INFO: Starting glTF 2.0 export
09:34:32 | INFO: Extracting primitive: Cube.153
09:34:32 | WARNING: The active Vertex Color will not be exported, as it is not used in the node tree of the material
09:34:32 | INFO: Primitives created: 1
09:34:32 | INFO: Finished glTF 2.0 export in 0.004998445510864258 s

FBX version: 7400
09:34:32 | INFO: Starting glTF 2.0 export
09:34:32 | INFO: Extracting primitive: Cube.151
09:34:32 | WARNING: The active Vertex Color will not be exported, as it is not used in the node tree of the material
09:34:32 | INFO: Primitives created: 2
09:34:32 | INFO: Finished glTF 2.0 export in 0.009998559951782227 s

FBX version: 7400
09:34:32 | INFO: Starting glTF 2.0 export
09:34:32 | INFO: Extracting primitive: Cube.168
09:34:32 | WARNING: The active Vertex Color will not be exported, as it is not used in the node tree of the material
09:34:32 | INFO: Primitives created: 2
09:34:32 | INFO: Finished glTF 2.0 export in 0.01199793815612793 s

FBX version: 7400
09:34:32 | INFO: Starting glTF 2.0 export
09:34:32 | INFO: Extracting primitive: Cylinder.061
09:34:32 | WARNING: The active Vertex Color will not be exported, as it is not used in the node tree of the material
09:34:32 | INFO: Primitives created: 1
09:34:32 | INFO: Finished glTF 2.0 export in 0.005007505416870117 s

FBX version: 7400
09:34:32 | INFO: Starting glTF 2.0 export
09:34:32 | INFO: Extracting primitive: BezierCurve.002
09:34:32 | INFO: Primitives created: 1
09:34:32 | INFO: Finished glTF 2.0 export in 0.005025148391723633 s

FBX version: 7400
09:34:32 | INFO: Starting glTF 2.0 export
09:34:32 | INFO: Extracting primitive: Cylinder.019
09:34:32 | INFO: Primitives created: 2
09:34:32 | INFO: Finished glTF 2.0 export in 0.008004426956176758 s

FBX version: 7400
09:34:32 | INFO: Starting glTF 2.0 export
09:34:32 | INFO: Extracting primitive: Cube.098
09:34:32 | WARNING: The active Vertex Color will not be exported, as it is not used in the node tree of the material
09:34:32 | INFO: Primitives created: 2
09:34:32 | INFO: Finished glTF 2.0 export in 0.012001752853393555 s

FBX version: 7400
09:34:32 | INFO: Starting glTF 2.0 export
09:34:32 | INFO: Extracting primitive: Cylinder.014
09:34:32 | INFO: Primitives created: 1
09:34:32 | INFO: Finished glTF 2.0 export in 0.011004209518432617 s

FBX version: 7400
09:34:32 | INFO: Starting glTF 2.0 export
09:34:32 | INFO: Extracting primitive: Cylinder.081
09:34:32 | INFO: Primitives created: 1
09:34:32 | INFO: Finished glTF 2.0 export in 0.0060002803802490234 s

FBX version: 7400
09:34:32 | INFO: Starting glTF 2.0 export
09:34:32 | INFO: Extracting primitive: Cylinder.127
09:34:32 | WARNING: The active Vertex Color will not be exported, as it is not used in the node tree of the material
09:34:32 | INFO: Primitives created: 2
09:34:32 | INFO: Finished glTF 2.0 export in 0.014982461929321289 s

FBX version: 7400
09:34:32 | INFO: Starting glTF 2.0 export
09:34:32 | INFO: Extracting primitive: Cylinder.091
09:34:32 | INFO: Primitives created: 2
09:34:32 | INFO: Finished glTF 2.0 export in 0.009999990463256836 s

FBX version: 7400
09:34:32 | INFO: Starting glTF 2.0 export
09:34:32 | INFO: Extracting primitive: Cylinder.047
09:34:32 | INFO: Primitives created: 1
09:34:32 | INFO: Finished glTF 2.0 export in 0.005039215087890625 s

FBX version: 7400
09:34:32 | INFO: Starting glTF 2.0 export
09:34:32 | INFO: Extracting primitive: Cylinder.048
09:34:32 | INFO: Primitives created: 1
09:34:32 | INFO: Finished glTF 2.0 export in 0.005000591278076172 s

FBX version: 7400
09:34:32 | INFO: Starting glTF 2.0 export
09:34:32 | INFO: Extracting primitive: Cylinder.064
09:34:33 | WARNING: The active Vertex Color will not be exported, as it is not used in the node tree of the material
09:34:33 | INFO: Primitives created: 1
09:34:33 | INFO: Finished glTF 2.0 export in 0.005015134811401367 s

FBX version: 7400
09:34:33 | INFO: Starting glTF 2.0 export
09:34:33 | INFO: Extracting primitive: Sphere
09:34:33 | INFO: Primitives created: 1
09:34:33 | INFO: Finished glTF 2.0 export in 0.0070896148681640625 s

FBX version: 7400
09:34:33 | INFO: Starting glTF 2.0 export
09:34:33 | INFO: Extracting primitive: Cylinder.002
09:34:33 | WARNING: The active Vertex Color will not be exported, as it is not used in the node tree of the material
09:34:33 | INFO: Primitives created: 1
09:34:33 | INFO: Finished glTF 2.0 export in 0.009932994842529297 s

FBX version: 7400
09:34:33 | INFO: Starting glTF 2.0 export
09:34:33 | INFO: Extracting primitive: Cube.180
09:34:33 | WARNING: The active Vertex Color will not be exported, as it is not used in the node tree of the material
09:34:33 | INFO: Primitives created: 2
09:34:33 | INFO: Finished glTF 2.0 export in 0.00803065299987793 s

FBX version: 7400
09:34:33 | INFO: Starting glTF 2.0 export
09:34:33 | INFO: Extracting primitive: Cylinder.070
09:34:33 | INFO: Primitives created: 1
09:34:33 | INFO: Finished glTF 2.0 export in 0.004988908767700195 s

FBX version: 7400
09:34:33 | INFO: Starting glTF 2.0 export
09:34:33 | INFO: Extracting primitive: Cylinder.092
09:34:33 | WARNING: The active Vertex Color will not be exported, as it is not used in the node tree of the material
09:34:33 | INFO: Primitives created: 3
09:34:33 | INFO: Finished glTF 2.0 export in 0.018996477127075195 s

FBX version: 7400
09:34:33 | INFO: Starting glTF 2.0 export
09:34:33 | INFO: Extracting primitive: Cube.001
09:34:36 | INFO: Primitives created: 2
09:34:36 | INFO: Extracting primitive: Cube.002
09:34:36 | INFO: Primitives created: 2
09:34:36 | INFO: Finished glTF 2.0 export in 2.952937126159668 s

FBX version: 7400
09:34:36 | INFO: Starting glTF 2.0 export
09:34:36 | INFO: Extracting primitive: Cylinder.073
09:34:36 | WARNING: The active Vertex Color will not be exported, as it is not used in the node tree of the material
09:34:36 | INFO: Primitives created: 1
09:34:36 | INFO: Finished glTF 2.0 export in 0.0059986114501953125 s

FBX version: 7400
09:34:36 | INFO: Starting glTF 2.0 export
09:34:36 | INFO: Extracting primitive: Cylinder.079
09:34:36 | WARNING: The active Vertex Color will not be exported, as it is not used in the node tree of the material
09:34:36 | INFO: Primitives created: 1
09:34:36 | INFO: Finished glTF 2.0 export in 0.00896143913269043 s

FBX version: 7400
09:34:36 | INFO: Starting glTF 2.0 export
09:34:36 | INFO: Extracting primitive: Cylinder.085
09:34:36 | WARNING: The active Vertex Color will not be exported, as it is not used in the node tree of the material
09:34:36 | INFO: Primitives created: 1
09:34:36 | INFO: Finished glTF 2.0 export in 0.007998228073120117 s

FBX version: 7400
09:34:36 | INFO: Starting glTF 2.0 export
09:34:36 | INFO: Extracting primitive: Cube.035
09:34:36 | WARNING: The active Vertex Color will not be exported, as it is not used in the node tree of the material
09:34:36 | INFO: Primitives created: 2
09:34:36 | INFO: Finished glTF 2.0 export in 0.015002012252807617 s

FBX version: 7400
09:34:37 | INFO: Starting glTF 2.0 export
09:34:37 | INFO: Extracting primitive: Cube.017
09:34:37 | WARNING: The active Vertex Color will not be exported, as it is not used in the node tree of the material
09:34:37 | INFO: Primitives created: 2
09:34:37 | INFO: Finished glTF 2.0 export in 0.016956567764282227 s

FBX version: 7400
09:34:37 | INFO: Starting glTF 2.0 export
09:34:37 | INFO: Extracting primitive: Cube.223
09:34:37 | WARNING: The active Vertex Color will not be exported, as it is not used in the node tree of the material
09:34:37 | INFO: Primitives created: 3
09:34:37 | INFO: Finished glTF 2.0 export in 0.018999338150024414 s

FBX version: 7400
09:34:37 | INFO: Starting glTF 2.0 export
09:34:37 | INFO: Extracting primitive: Cylinder.057
09:34:37 | WARNING: The active Vertex Color will not be exported, as it is not used in the node tree of the material
09:34:37 | INFO: Primitives created: 3
09:34:37 | INFO: Finished glTF 2.0 export in 0.03796577453613281 s

FBX version: 7400
09:34:37 | INFO: Starting glTF 2.0 export
09:34:37 | INFO: Extracting primitive: Cylinder.018
09:34:37 | WARNING: The active Vertex Color will not be exported, as it is not used in the node tree of the material
09:34:37 | INFO: Primitives created: 3
09:34:37 | INFO: Finished glTF 2.0 export in 0.018001317977905273 s

FBX version: 7400
09:34:37 | INFO: Starting glTF 2.0 export
09:34:37 | INFO: Extracting primitive: Cube.127
09:34:37 | INFO: Primitives created: 2
09:34:37 | INFO: Finished glTF 2.0 export in 0.009998321533203125 s

FBX version: 7400
09:34:37 | INFO: Starting glTF 2.0 export
09:34:37 | INFO: Extracting primitive: Torus.006
09:34:37 | WARNING: The active Vertex Color will not be exported, as it is not used in the node tree of the material
09:34:37 | INFO: Primitives created: 1
09:34:37 | INFO: Finished glTF 2.0 export in 0.00699162483215332 s

FBX version: 7400
09:34:37 | INFO: Starting glTF 2.0 export
09:34:37 | INFO: Extracting primitive: Torus.004
09:34:37 | WARNING: The active Vertex Color will not be exported, as it is not used in the node tree of the material
09:34:37 | INFO: Primitives created: 1
09:34:37 | INFO: Finished glTF 2.0 export in 0.006151437759399414 s

FBX version: 7400
09:34:37 | INFO: Starting glTF 2.0 export
09:34:37 | INFO: Extracting primitive: Cube.018
09:34:37 | INFO: Primitives created: 1
09:34:37 | INFO: Finished glTF 2.0 export in 0.006932258605957031 s

FBX version: 7400
09:34:37 | INFO: Starting glTF 2.0 export
09:34:37 | INFO: Extracting primitive: Cylinder.068
09:34:37 | INFO: Primitives created: 2
09:34:37 | INFO: Finished glTF 2.0 export in 0.006999492645263672 s

FBX version: 7400
09:34:37 | INFO: Starting glTF 2.0 export
09:34:37 | INFO: Extracting primitive: Cube.131
09:34:37 | WARNING: The active Vertex Color will not be exported, as it is not used in the node tree of the material
09:34:37 | INFO: Primitives created: 1
09:34:37 | INFO: Finished glTF 2.0 export in 0.005997896194458008 s

FBX version: 7400
09:34:37 | INFO: Starting glTF 2.0 export
09:34:37 | INFO: Extracting primitive: Cube.201
09:34:37 | INFO: Primitives created: 2
09:34:37 | INFO: Finished glTF 2.0 export in 0.007997274398803711 s

FBX version: 7400
09:34:37 | INFO: Starting glTF 2.0 export
09:34:37 | INFO: Extracting primitive: Cylinder.005
09:34:37 | WARNING: The active Vertex Color will not be exported, as it is not used in the node tree of the material
09:34:37 | INFO: Primitives created: 1
09:34:37 | INFO: Finished glTF 2.0 export in 0.005998373031616211 s

FBX version: 7400
09:34:38 | INFO: Starting glTF 2.0 export
09:34:38 | INFO: Extracting primitive: Cube.049
09:34:38 | INFO: Primitives created: 1
09:34:38 | INFO: Finished glTF 2.0 export in 0.006000518798828125 s

FBX version: 7400
09:34:38 | INFO: Starting glTF 2.0 export
09:34:38 | INFO: Extracting primitive: Cube.014
09:34:38 | INFO: Primitives created: 1
09:34:38 | INFO: Finished glTF 2.0 export in 0.004992246627807617 s

FBX version: 7400
09:34:38 | INFO: Starting glTF 2.0 export
09:34:38 | INFO: Extracting primitive: Cylinder.049
09:34:38 | WARNING: The active Vertex Color will not be exported, as it is not used in the node tree of the material
09:34:38 | INFO: Primitives created: 1
09:34:38 | INFO: Finished glTF 2.0 export in 0.005012989044189453 s

FBX version: 7400
09:34:38 | INFO: Starting glTF 2.0 export
09:34:38 | INFO: Extracting primitive: Cylinder.045
09:34:38 | WARNING: The active Vertex Color will not be exported, as it is not used in the node tree of the material
09:34:38 | INFO: Primitives created: 1
09:34:38 | INFO: Finished glTF 2.0 export in 0.005919218063354492 s

FBX version: 7400
09:34:38 | INFO: Starting glTF 2.0 export
09:34:38 | INFO: Extracting primitive: Cylinder.050
09:34:38 | WARNING: The active Vertex Color will not be exported, as it is not used in the node tree of the material
09:34:38 | INFO: Primitives created: 1
09:34:38 | INFO: Finished glTF 2.0 export in 0.004998445510864258 s

FBX version: 7400
09:34:38 | INFO: Starting glTF 2.0 export
09:34:38 | INFO: Extracting primitive: Cube.144
09:34:38 | WARNING: The active Vertex Color will not be exported, as it is not used in the node tree of the material
09:34:38 | INFO: Primitives created: 2
09:34:38 | INFO: Finished glTF 2.0 export in 0.007993698120117188 s

FBX version: 7400
09:34:38 | INFO: Starting glTF 2.0 export
09:34:38 | INFO: Extracting primitive: BezierCurve.004
09:34:38 | INFO: Primitives created: 1
09:34:38 | INFO: Finished glTF 2.0 export in 0.00700688362121582 s

FBX version: 7400
09:34:38 | INFO: Starting glTF 2.0 export
09:34:38 | INFO: Extracting primitive: BezierCurve.003
09:34:38 | INFO: Primitives created: 1
09:34:38 | INFO: Finished glTF 2.0 export in 0.007000446319580078 s

FBX version: 7400
09:34:38 | INFO: Starting glTF 2.0 export
09:34:38 | INFO: Extracting primitive: BezierCurve.005
09:34:38 | INFO: Primitives created: 1
09:34:38 | INFO: Finished glTF 2.0 export in 0.005998134613037109 s

FBX version: 7400
09:34:38 | INFO: Starting glTF 2.0 export
09:34:38 | INFO: Extracting primitive: Cube.152
09:34:38 | WARNING: The active Vertex Color will not be exported, as it is not used in the node tree of the material
09:34:38 | INFO: Primitives created: 2
09:34:38 | INFO: Finished glTF 2.0 export in 0.007998466491699219 s

FBX version: 7400
09:34:38 | INFO: Starting glTF 2.0 export
09:34:38 | INFO: Extracting primitive: Cube.156
09:34:38 | WARNING: The active Vertex Color will not be exported, as it is not used in the node tree of the material
09:34:38 | INFO: Primitives created: 2
09:34:38 | INFO: Finished glTF 2.0 export in 0.008002758026123047 s

FBX version: 7400
09:34:38 | INFO: Starting glTF 2.0 export
09:34:38 | INFO: Extracting primitive: Cylinder.032
09:34:38 | WARNING: The active Vertex Color will not be exported, as it is not used in the node tree of the material
09:34:38 | INFO: Primitives created: 2
09:34:38 | INFO: Finished glTF 2.0 export in 0.010001897811889648 s

FBX version: 7400
09:34:38 | INFO: Starting glTF 2.0 export
09:34:38 | INFO: Extracting primitive: Cube.103
09:34:38 | INFO: Primitives created: 1
09:34:38 | INFO: Finished glTF 2.0 export in 0.003985404968261719 s

FBX version: 7400
09:34:38 | INFO: Starting glTF 2.0 export
09:34:38 | INFO: Extracting primitive: Cube.166
09:34:38 | WARNING: The active Vertex Color will not be exported, as it is not used in the node tree of the material
09:34:38 | INFO: Primitives created: 3
09:34:38 | INFO: Finished glTF 2.0 export in 0.017000675201416016 s

FBX version: 7400
09:34:39 | INFO: Starting glTF 2.0 export
09:34:39 | INFO: Extracting primitive: Cube.193
09:34:39 | WARNING: The active Vertex Color will not be exported, as it is not used in the node tree of the material
09:34:39 | INFO: Primitives created: 3
09:34:39 | INFO: Finished glTF 2.0 export in 0.011998176574707031 s

FBX version: 7400
09:34:39 | INFO: Starting glTF 2.0 export
09:34:39 | INFO: Extracting primitive: Cube.001
09:34:39 | WARNING: The active Vertex Color will not be exported, as it is not used in the node tree of the material
09:34:39 | INFO: Primitives created: 1
09:34:39 | INFO: Finished glTF 2.0 export in 0.005999088287353516 s

FBX version: 7400
09:34:39 | INFO: Starting glTF 2.0 export
09:34:39 | INFO: Extracting primitive: Cube.159
09:34:39 | WARNING: The active Vertex Color will not be exported, as it is not used in the node tree of the material
09:34:39 | INFO: Primitives created: 1
09:34:39 | INFO: Finished glTF 2.0 export in 0.005038261413574219 s

FBX version: 7400
09:34:39 | INFO: Starting glTF 2.0 export
09:34:39 | INFO: Extracting primitive: Cylinder.094
09:34:39 | WARNING: The active Vertex Color will not be exported, as it is not used in the node tree of the material
09:34:39 | INFO: Primitives created: 3
09:34:39 | INFO: Finished glTF 2.0 export in 0.020038604736328125 s

FBX version: 7400
09:34:39 | INFO: Starting glTF 2.0 export
09:34:39 | INFO: Extracting primitive: Cube.212
09:34:39 | WARNING: The active Vertex Color will not be exported, as it is not used in the node tree of the material
09:34:39 | INFO: Primitives created: 3
09:34:39 | INFO: Finished glTF 2.0 export in 0.01399540901184082 s

FBX version: 7400
09:34:39 | INFO: Starting glTF 2.0 export
09:34:39 | INFO: Extracting primitive: Cube.097
09:34:39 | WARNING: The active Vertex Color will not be exported, as it is not used in the node tree of the material
09:34:39 | INFO: Primitives created: 1
09:34:39 | INFO: Finished glTF 2.0 export in 0.004996061325073242 s

FBX version: 7400
09:34:39 | INFO: Starting glTF 2.0 export
09:34:39 | INFO: Extracting primitive: meshId0_name.001
09:34:39 | WARNING: The active Vertex Color will not be exported, as it is not used in the node tree of the material
09:34:39 | INFO: Primitives created: 1
09:34:39 | INFO: Finished glTF 2.0 export in 0.00898122787475586 s

FBX version: 7400
09:34:39 | INFO: Starting glTF 2.0 export
09:34:39 | INFO: Extracting primitive: Cube.161
09:34:39 | INFO: Primitives created: 1
09:34:39 | INFO: Finished glTF 2.0 export in 0.005034685134887695 s

FBX version: 7400
09:34:39 | INFO: Starting glTF 2.0 export
09:34:39 | INFO: Extracting primitive: Cube.147
09:34:39 | INFO: Primitives created: 1
09:34:39 | INFO: Finished glTF 2.0 export in 0.004937171936035156 s

FBX version: 7400
09:34:39 | INFO: Starting glTF 2.0 export
09:34:39 | INFO: Extracting primitive: Cube.084
09:34:39 | WARNING: The active Vertex Color will not be exported, as it is not used in the node tree of the material
09:34:39 | INFO: Primitives created: 2
09:34:39 | INFO: Finished glTF 2.0 export in 0.010062694549560547 s

FBX version: 7400
09:34:39 | INFO: Starting glTF 2.0 export
09:34:39 | INFO: Extracting primitive: Cylinder.084
09:34:39 | INFO: Primitives created: 1
09:34:39 | INFO: Finished glTF 2.0 export in 0.00497746467590332 s

FBX version: 7400
09:34:39 | INFO: Starting glTF 2.0 export
09:34:39 | INFO: Extracting primitive: Cube.202
09:34:39 | INFO: Primitives created: 1
09:34:39 | INFO: Finished glTF 2.0 export in 0.0039825439453125 s

FBX version: 7400
09:34:39 | INFO: Starting glTF 2.0 export
09:34:39 | INFO: Extracting primitive: Plane.008
09:34:39 | INFO: Primitives created: 1
09:34:39 | INFO: Finished glTF 2.0 export in 0.005991935729980469 s

FBX version: 7400
09:34:39 | INFO: Starting glTF 2.0 export
09:34:39 | INFO: Extracting primitive: Cylinder.015
09:34:39 | WARNING: The active Vertex Color will not be exported, as it is not used in the node tree of the material
09:34:39 | INFO: Primitives created: 1
09:34:39 | INFO: Finished glTF 2.0 export in 0.007999420166015625 s

FBX version: 7400
09:34:40 | INFO: Starting glTF 2.0 export
09:34:40 | INFO: Extracting primitive: Cylinder.055
09:34:40 | WARNING: The active Vertex Color will not be exported, as it is not used in the node tree of the material
09:34:40 | INFO: Primitives created: 1
09:34:40 | INFO: Finished glTF 2.0 export in 0.007004499435424805 s

FBX version: 7400
09:34:40 | INFO: Starting glTF 2.0 export
09:34:40 | INFO: Extracting primitive: Vase_1.001_cell.099
09:34:40 | WARNING: The active Vertex Color will not be exported, as it is not used in the node tree of the material
09:34:40 | INFO: Primitives created: 1
09:34:40 | INFO: Finished glTF 2.0 export in 0.009009122848510742 s

FBX version: 7400
09:34:40 | INFO: Starting glTF 2.0 export
09:34:40 | INFO: Extracting primitive: Cube.081
09:34:40 | INFO: Primitives created: 2
09:34:40 | INFO: Finished glTF 2.0 export in 0.00899815559387207 s

FBX version: 7400
09:34:40 | INFO: Starting glTF 2.0 export
09:34:40 | INFO: Extracting primitive: Cube.125
09:34:40 | WARNING: The active Vertex Color will not be exported, as it is not used in the node tree of the material
09:34:40 | INFO: Primitives created: 3
09:34:40 | INFO: Finished glTF 2.0 export in 0.012996196746826172 s

FBX version: 7400
09:34:40 | INFO: Starting glTF 2.0 export
09:34:40 | INFO: Extracting primitive: Cube.163
09:34:40 | WARNING: The active Vertex Color will not be exported, as it is not used in the node tree of the material
09:34:40 | INFO: Primitives created: 2
09:34:40 | INFO: Finished glTF 2.0 export in 0.01000070571899414 s

FBX version: 7400
09:34:40 | INFO: Starting glTF 2.0 export
09:34:40 | INFO: Extracting primitive: Cube.028
09:34:40 | WARNING: The active Vertex Color will not be exported, as it is not used in the node tree of the material
09:34:40 | INFO: Primitives created: 2
09:34:40 | INFO: Finished glTF 2.0 export in 0.008007526397705078 s

[megakit] done. ok=94 fail=0
Blender 5.0.1 (hash a3db93c5b259 built 2025-12-16 01:32:30)

Blender quit
[fantasy-props] +94 additions

=== stylized-nature ===
[stylized-nature] extracting C:/Users/l/Downloads/Stylized Nature MegaKit[Standard].zip
[megakit] resized 22/40 PNGs to 1024px (skipped already-small ones)
[stylized-nature] running Blender FBX -> GLB...
BlenderMCP addon registered
[megakit] found 136 FBX files under C:\Users\l\AppData\Local\Temp\megakit-import\stylized-nature
BlenderMCP addon unregistered
FBX version: 7400
INFO Draco mesh compression is available, use library at C:\Program Files\Blender Foundation\Blender 5.0\5.0\scripts\addons_core\io_scene_gltf2\extern_draco.dll
09:34:50 | INFO: Starting glTF 2.0 export
09:34:50 | INFO: Extracting primitive: tree.008
09:34:50 | WARNING: Image '<bpy_struct, Image("Leaves_TwistedTree_C.png.001") at 0x000001AF52C25D08>' has no size and cannot be exported.
09:34:50 | WARNING: More than one shader node tex image used for a texture. The resulting glTF sampler will behave like the first shader node tex image.
09:34:50 | WARNING: The active Vertex Color will not be exported, as it is not used in the node tree of the material
09:34:50 | INFO: Primitives created: 1
09:34:50 | INFO: Finished glTF 2.0 export in 0.03200268745422363 s

FBX version: 7400
09:34:50 | INFO: Starting glTF 2.0 export
09:34:50 | INFO: Extracting primitive: tree.009
09:34:50 | WARNING: Image '<bpy_struct, Image("Leaves_NormalTree_C.png.001") at 0x000001AF52C06408>' has no size and cannot be exported.
09:34:50 | WARNING: More than one shader node tex image used for a texture. The resulting glTF sampler will behave like the first shader node tex image.
09:34:50 | WARNING: The active Vertex Color will not be exported, as it is not used in the node tree of the material
09:34:50 | WARNING: Image '<bpy_struct, Image("Flowers.png.001") at 0x000001AF538E1608>' has no size and cannot be exported.
09:34:50 | WARNING: More than one shader node tex image used for a texture. The resulting glTF sampler will behave like the first shader node tex image.
09:34:50 | INFO: Primitives created: 2
09:34:50 | INFO: Finished glTF 2.0 export in 0.029003620147705078 s

FBX version: 7400
09:34:50 | INFO: Starting glTF 2.0 export
09:34:50 | INFO: Extracting primitive: Cylinder.018
09:34:50 | WARNING: Image '<bpy_struct, Image("Leaves.png.001") at 0x000001AF538E2408>' has no size and cannot be exported.
09:34:50 | WARNING: More than one shader node tex image used for a texture. The resulting glTF sampler will behave like the first shader node tex image.
09:34:50 | WARNING: The active Vertex Color will not be exported, as it is not used in the node tree of the material
09:34:50 | INFO: Primitives created: 1
09:34:50 | INFO: Finished glTF 2.0 export in 0.010999679565429688 s

FBX version: 7400
09:34:50 | INFO: Starting glTF 2.0 export
09:34:50 | INFO: Extracting primitive: Cylinder.002
09:34:50 | WARNING: Image '<bpy_struct, Image("Leaves.png.001") at 0x000001AF55411D08>' has no size and cannot be exported.
09:34:50 | WARNING: More than one shader node tex image used for a texture. The resulting glTF sampler will behave like the first shader node tex image.
09:34:50 | WARNING: The active Vertex Color will not be exported, as it is not used in the node tree of the material
09:34:50 | INFO: Primitives created: 1
09:34:50 | INFO: Finished glTF 2.0 export in 0.017999887466430664 s

FBX version: 7400
09:34:50 | INFO: Starting glTF 2.0 export
09:34:50 | INFO: Extracting primitive: tree.023
09:34:50 | WARNING: The active Vertex Color will not be exported, as it is not used in the node tree of the material
09:34:50 | WARNING: Image '<bpy_struct, Image("Leaves_NormalTree_C.png.001") at 0x000001AF55374F08>' has no size and cannot be exported.
09:34:50 | WARNING: More than one shader node tex image used for a texture. The resulting glTF sampler will behave like the first shader node tex image.
09:34:50 | INFO: Primitives created: 2
09:34:50 | INFO: Finished glTF 2.0 export in 0.025004863739013672 s

FBX version: 7400
09:34:51 | INFO: Starting glTF 2.0 export
09:34:51 | INFO: Extracting primitive: tree.024
09:34:51 | WARNING: The active Vertex Color will not be exported, as it is not used in the node tree of the material
09:34:51 | WARNING: Image '<bpy_struct, Image("Leaves_NormalTree_C.png.001") at 0x000001AF55215608>' has no size and cannot be exported.
09:34:51 | WARNING: More than one shader node tex image used for a texture. The resulting glTF sampler will behave like the first shader node tex image.
09:34:51 | INFO: Primitives created: 2
09:34:51 | INFO: Finished glTF 2.0 export in 0.025998353958129883 s

FBX version: 7400
09:34:51 | INFO: Starting glTF 2.0 export
09:34:51 | INFO: Extracting primitive: tree.025
09:34:51 | WARNING: The active Vertex Color will not be exported, as it is not used in the node tree of the material
09:34:51 | WARNING: Image '<bpy_struct, Image("Leaves_NormalTree_C.png.001") at 0x000001AF55214808>' has no size and cannot be exported.
09:34:51 | WARNING: More than one shader node tex image used for a texture. The resulting glTF sampler will behave like the first shader node tex image.
09:34:51 | INFO: Primitives created: 2
09:34:51 | INFO: Finished glTF 2.0 export in 0.023000717163085938 s

FBX version: 7400
09:34:51 | INFO: Starting glTF 2.0 export
09:34:51 | INFO: Extracting primitive: tree.026
09:34:51 | WARNING: The active Vertex Color will not be exported, as it is not used in the node tree of the material
09:34:51 | WARNING: Image '<bpy_struct, Image("Leaves_NormalTree_C.png.001") at 0x000001AF55215D08>' has no size and cannot be exported.
09:34:51 | WARNING: More than one shader node tex image used for a texture. The resulting glTF sampler will behave like the first shader node tex image.
09:34:51 | INFO: Primitives created: 2
09:34:51 | INFO: Finished glTF 2.0 export in 0.019003868103027344 s

FBX version: 7400
09:34:51 | INFO: Starting glTF 2.0 export
09:34:51 | INFO: Extracting primitive: tree.027
09:34:51 | WARNING: The active Vertex Color will not be exported, as it is not used in the node tree of the material
09:34:51 | WARNING: Image '<bpy_struct, Image("Leaves_NormalTree_C.png.001") at 0x000001AF55214F08>' has no size and cannot be exported.
09:34:51 | WARNING: More than one shader node tex image used for a texture. The resulting glTF sampler will behave like the first shader node tex image.
09:34:51 | INFO: Primitives created: 2
09:34:51 | INFO: Finished glTF 2.0 export in 0.020000219345092773 s

FBX version: 7400
09:34:51 | INFO: Starting glTF 2.0 export
09:34:51 | INFO: Extracting primitive: tree
09:34:51 | WARNING: The active Vertex Color will not be exported, as it is not used in the node tree of the material
09:34:51 | INFO: Primitives created: 1
09:34:51 | INFO: Finished glTF 2.0 export in 0.02000141143798828 s

FBX version: 7400
09:34:51 | INFO: Starting glTF 2.0 export
09:34:51 | INFO: Extracting primitive: tree.043
09:34:51 | WARNING: The active Vertex Color will not be exported, as it is not used in the node tree of the material
09:34:51 | INFO: Primitives created: 1
09:34:51 | INFO: Finished glTF 2.0 export in 0.01804065704345703 s

FBX version: 7400
09:34:51 | INFO: Starting glTF 2.0 export
09:34:51 | INFO: Extracting primitive: tree.019
09:34:51 | WARNING: The active Vertex Color will not be exported, as it is not used in the node tree of the material
09:34:51 | INFO: Primitives created: 1
09:34:51 | INFO: Finished glTF 2.0 export in 0.015002727508544922 s

FBX version: 7400
09:34:51 | INFO: Starting glTF 2.0 export
09:34:51 | INFO: Extracting primitive: tree.018
09:34:51 | WARNING: The active Vertex Color will not be exported, as it is not used in the node tree of the material
09:34:51 | INFO: Primitives created: 1
09:34:51 | INFO: Finished glTF 2.0 export in 0.01705765724182129 s

FBX version: 7400
09:34:51 | INFO: Starting glTF 2.0 export
09:34:51 | INFO: Extracting primitive: tree.021
09:34:51 | WARNING: The active Vertex Color will not be exported, as it is not used in the node tree of the material
09:34:51 | INFO: Primitives created: 1
09:34:51 | INFO: Finished glTF 2.0 export in 0.014026165008544922 s

FBX version: 7400
09:34:51 | INFO: Starting glTF 2.0 export
09:34:51 | INFO: Extracting primitive: Plane.001
09:34:51 | WARNING: Image '<bpy_struct, Image("Leaves.png.001") at 0x000001AF4EEACF08>' has no size and cannot be exported.
09:34:51 | WARNING: More than one shader node tex image used for a texture. The resulting glTF sampler will behave like the first shader node tex image.
09:34:51 | WARNING: The active Vertex Color will not be exported, as it is not used in the node tree of the material
09:34:51 | INFO: Primitives created: 1
09:34:51 | INFO: Finished glTF 2.0 export in 0.010000228881835938 s

FBX version: 7400
09:34:52 | INFO: Starting glTF 2.0 export
09:34:52 | INFO: Extracting primitive: Plane.021
09:34:52 | WARNING: Image '<bpy_struct, Image("Leaves.png.001") at 0x000001AF5609C108>' has no size and cannot be exported.
09:34:52 | WARNING: More than one shader node tex image used for a texture. The resulting glTF sampler will behave like the first shader node tex image.
09:34:52 | WARNING: The active Vertex Color will not be exported, as it is not used in the node tree of the material
09:34:52 | WARNING: Image '<bpy_struct, Image("Flowers.png.001") at 0x000001AF52D91D08>' has no size and cannot be exported.
09:34:52 | WARNING: More than one shader node tex image used for a texture. The resulting glTF sampler will behave like the first shader node tex image.
09:34:52 | INFO: Primitives created: 2
09:34:52 | INFO: Finished glTF 2.0 export in 0.014998197555541992 s

FBX version: 7400
09:34:52 | INFO: Starting glTF 2.0 export
09:34:52 | INFO: Extracting primitive: Plane.020
09:34:52 | WARNING: Image '<bpy_struct, Image("Leaves.png.001") at 0x000001AF5327A408>' has no size and cannot be exported.
09:34:52 | WARNING: More than one shader node tex image used for a texture. The resulting glTF sampler will behave like the first shader node tex image.
09:34:52 | WARNING: The active Vertex Color will not be exported, as it is not used in the node tree of the material
09:34:52 | WARNING: Image '<bpy_struct, Image("Flowers.png.001") at 0x000001AF56032B08>' has no size and cannot be exported.
09:34:52 | WARNING: More than one shader node tex image used for a texture. The resulting glTF sampler will behave like the first shader node tex image.
09:34:52 | INFO: Primitives created: 2
09:34:52 | INFO: Finished glTF 2.0 export in 0.01597738265991211 s

FBX version: 7400
09:34:52 | INFO: Starting glTF 2.0 export
09:34:52 | INFO: Extracting primitive: Plane.003
09:34:52 | WARNING: Image '<bpy_struct, Image("Leaves.png.001") at 0x000001AF56031608>' has no size and cannot be exported.
09:34:52 | WARNING: More than one shader node tex image used for a texture. The resulting glTF sampler will behave like the first shader node tex image.
09:34:52 | WARNING: The active Vertex Color will not be exported, as it is not used in the node tree of the material
09:34:52 | WARNING: Image '<bpy_struct, Image("Flowers.png.001") at 0x000001AF538E3208>' has no size and cannot be exported.
09:34:52 | WARNING: More than one shader node tex image used for a texture. The resulting glTF sampler will behave like the first shader node tex image.
09:34:52 | INFO: Primitives created: 2
09:34:52 | INFO: Finished glTF 2.0 export in 0.014040470123291016 s

FBX version: 7400
09:34:52 | INFO: Starting glTF 2.0 export
09:34:52 | INFO: Extracting primitive: Plane.001
09:34:52 | WARNING: Image '<bpy_struct, Image("Leaves.png.001") at 0x000001AF538E0108>' has no size and cannot be exported.
09:34:52 | WARNING: More than one shader node tex image used for a texture. The resulting glTF sampler will behave like the first shader node tex image.
09:34:52 | WARNING: The active Vertex Color will not be exported, as it is not used in the node tree of the material
09:34:52 | WARNING: Image '<bpy_struct, Image("Flowers.png.001") at 0x000001AF5327DD08>' has no size and cannot be exported.
09:34:52 | WARNING: More than one shader node tex image used for a texture. The resulting glTF sampler will behave like the first shader node tex image.
09:34:52 | INFO: Primitives created: 2
09:34:52 | INFO: Finished glTF 2.0 export in 0.014964818954467773 s

FBX version: 7400
09:34:52 | INFO: Starting glTF 2.0 export
09:34:52 | INFO: Extracting primitive: Plane.014
09:34:52 | WARNING: The active Vertex Color will not be exported, as it is not used in the node tree of the material
09:34:52 | INFO: Primitives created: 1
09:34:52 | INFO: Finished glTF 2.0 export in 0.007011890411376953 s

FBX version: 7400
09:34:52 | INFO: Starting glTF 2.0 export
09:34:52 | INFO: Extracting primitive: Plane.013
09:34:52 | WARNING: The active Vertex Color will not be exported, as it is not used in the node tree of the material
09:34:52 | INFO: Primitives created: 1
09:34:52 | INFO: Finished glTF 2.0 export in 0.004942655563354492 s

FBX version: 7400
09:34:52 | INFO: Starting glTF 2.0 export
09:34:52 | INFO: Extracting primitive: Plane.033
09:34:52 | WARNING: The active Vertex Color will not be exported, as it is not used in the node tree of the material
09:34:52 | INFO: Primitives created: 1
09:34:52 | INFO: Finished glTF 2.0 export in 0.005977630615234375 s

FBX version: 7400
09:34:52 | INFO: Starting glTF 2.0 export
09:34:52 | INFO: Extracting primitive: Plane.017
09:34:52 | WARNING: The active Vertex Color will not be exported, as it is not used in the node tree of the material
09:34:52 | INFO: Primitives created: 1
09:34:52 | INFO: Finished glTF 2.0 export in 0.005998849868774414 s

FBX version: 7400
09:34:52 | INFO: Starting glTF 2.0 export
09:34:52 | INFO: Extracting primitive: Cube.032
09:34:52 | INFO: Primitives created: 1
09:34:52 | INFO: Finished glTF 2.0 export in 0.004975080490112305 s

FBX version: 7400
09:34:52 | INFO: Starting glTF 2.0 export
09:34:52 | INFO: Extracting primitive: Cube.020
09:34:52 | INFO: Primitives created: 1
09:34:52 | INFO: Finished glTF 2.0 export in 0.00699925422668457 s

FBX version: 7400
09:34:52 | INFO: Starting glTF 2.0 export
09:34:52 | INFO: Extracting primitive: Cube.017_Retopology.008
09:34:52 | INFO: Primitives created: 1
09:34:52 | INFO: Finished glTF 2.0 export in 0.004998683929443359 s

FBX version: 7400
09:34:52 | INFO: Starting glTF 2.0 export
09:34:52 | INFO: Extracting primitive: Cube.017_Retopology.010
09:34:52 | INFO: Primitives created: 1
09:34:52 | INFO: Finished glTF 2.0 export in 0.003991365432739258 s

FBX version: 7400
09:34:52 | INFO: Starting glTF 2.0 export
09:34:52 | INFO: Extracting primitive: Cube.017_Retopology.009
09:34:52 | INFO: Primitives created: 1
09:34:52 | INFO: Finished glTF 2.0 export in 0.006006002426147461 s

FBX version: 7400
09:34:52 | INFO: Starting glTF 2.0 export
09:34:52 | INFO: Extracting primitive: Cube.017_Retopology
09:34:52 | INFO: Primitives created: 1
09:34:52 | INFO: Finished glTF 2.0 export in 0.004997968673706055 s

FBX version: 7400
09:34:53 | INFO: Starting glTF 2.0 export
09:34:53 | INFO: Extracting primitive: Cube.017_Retopology.007
09:34:53 | INFO: Primitives created: 1
09:34:53 | INFO: Finished glTF 2.0 export in 0.0039920806884765625 s

FBX version: 7400
09:34:53 | INFO: Starting glTF 2.0 export
09:34:53 | INFO: Extracting primitive: Cube.017_Retopology.006
09:34:53 | INFO: Primitives created: 1
09:34:53 | INFO: Finished glTF 2.0 export in 0.02399921417236328 s

FBX version: 7400
09:34:53 | INFO: Starting glTF 2.0 export
09:34:53 | INFO: Extracting primitive: Cube.017_Retopology.004
09:34:53 | INFO: Primitives created: 1
09:34:53 | INFO: Finished glTF 2.0 export in 0.004988670349121094 s

FBX version: 7400
09:34:53 | INFO: Starting glTF 2.0 export
09:34:53 | INFO: Extracting primitive: Cube.017_Retopology.003
09:34:53 | INFO: Primitives created: 1
09:34:53 | INFO: Finished glTF 2.0 export in 0.0049822330474853516 s

FBX version: 7400
09:34:53 | INFO: Starting glTF 2.0 export
09:34:53 | INFO: Extracting primitive: Cube.017_Retopology.001
09:34:53 | INFO: Primitives created: 1
09:34:53 | INFO: Finished glTF 2.0 export in 0.0039997100830078125 s

FBX version: 7400
09:34:53 | INFO: Starting glTF 2.0 export
09:34:53 | INFO: Extracting primitive: Cube.017_Retopology.002
09:34:53 | INFO: Primitives created: 1
09:34:53 | INFO: Finished glTF 2.0 export in 0.0040090084075927734 s

FBX version: 7400
09:34:53 | INFO: Starting glTF 2.0 export
09:34:53 | INFO: Extracting primitive: Cube.017_Retopology.005
09:34:53 | INFO: Primitives created: 1
09:34:53 | INFO: Finished glTF 2.0 export in 0.003985881805419922 s

FBX version: 7400
09:34:53 | INFO: Starting glTF 2.0 export
09:34:53 | INFO: Extracting primitive: Plane.028
09:34:53 | WARNING: Image '<bpy_struct, Image("Flowers.png.001") at 0x000001AF56192408>' has no size and cannot be exported.
09:34:53 | WARNING: More than one shader node tex image used for a texture. The resulting glTF sampler will behave like the first shader node tex image.
09:34:53 | INFO: Primitives created: 1
09:34:53 | INFO: Finished glTF 2.0 export in 0.007998228073120117 s

FBX version: 7400
09:34:53 | INFO: Starting glTF 2.0 export
09:34:53 | INFO: Extracting primitive: Plane.024
09:34:53 | WARNING: Image '<bpy_struct, Image("Flowers.png.001") at 0x000001AF554A1608>' has no size and cannot be exported.
09:34:53 | WARNING: More than one shader node tex image used for a texture. The resulting glTF sampler will behave like the first shader node tex image.
09:34:53 | INFO: Primitives created: 1
09:34:53 | INFO: Finished glTF 2.0 export in 0.010005712509155273 s

FBX version: 7400
09:34:53 | INFO: Starting glTF 2.0 export
09:34:53 | INFO: Extracting primitive: Cylinder.011
09:34:53 | WARNING: Image '<bpy_struct, Image("Flowers.png.001") at 0x000001AF4EEAF908>' has no size and cannot be exported.
09:34:53 | WARNING: More than one shader node tex image used for a texture. The resulting glTF sampler will behave like the first shader node tex image.
09:34:53 | INFO: Primitives created: 1
09:34:53 | INFO: Finished glTF 2.0 export in 0.008005142211914062 s

FBX version: 7400
09:34:53 | INFO: Starting glTF 2.0 export
09:34:53 | INFO: Extracting primitive: Plane.027
09:34:53 | WARNING: Image '<bpy_struct, Image("Flowers.png.001") at 0x000001AF55F3DD08>' has no size and cannot be exported.
09:34:53 | WARNING: More than one shader node tex image used for a texture. The resulting glTF sampler will behave like the first shader node tex image.
09:34:53 | INFO: Primitives created: 1
09:34:53 | INFO: Finished glTF 2.0 export in 0.007997274398803711 s

FBX version: 7400
09:34:53 | INFO: Starting glTF 2.0 export
09:34:53 | INFO: Extracting primitive: Plane.029
09:34:53 | WARNING: Image '<bpy_struct, Image("Flowers.png.001") at 0x000001AF55F2E408>' has no size and cannot be exported.
09:34:53 | WARNING: More than one shader node tex image used for a texture. The resulting glTF sampler will behave like the first shader node tex image.
09:34:53 | INFO: Primitives created: 1
09:34:53 | INFO: Finished glTF 2.0 export in 0.00801229476928711 s

FBX version: 7400
09:34:53 | INFO: Starting glTF 2.0 export
09:34:53 | INFO: Extracting primitive: tree.028
09:34:53 | WARNING: The active Vertex Color will not be exported, as it is not used in the node tree of the material
09:34:53 | WARNING: Image '<bpy_struct, Image("Leaf_Pine_C.png.001") at 0x000001AF55F2EB08>' has no size and cannot be exported.
09:34:53 | WARNING: More than one shader node tex image used for a texture. The resulting glTF sampler will behave like the first shader node tex image.
09:34:53 | INFO: Primitives created: 2
09:34:53 | INFO: Finished glTF 2.0 export in 0.017999649047851562 s

FBX version: 7400
09:34:53 | INFO: Starting glTF 2.0 export
09:34:53 | INFO: Extracting primitive: tree.029
09:34:53 | WARNING: The active Vertex Color will not be exported, as it is not used in the node tree of the material
09:34:53 | WARNING: Image '<bpy_struct, Image("Leaf_Pine_C.png.001") at 0x000001AF55E9F208>' has no size and cannot be exported.
09:34:53 | WARNING: More than one shader node tex image used for a texture. The resulting glTF sampler will behave like the first shader node tex image.
09:34:53 | INFO: Primitives created: 2
09:34:53 | INFO: Finished glTF 2.0 export in 0.020992755889892578 s

FBX version: 7400
09:34:54 | INFO: Starting glTF 2.0 export
09:34:54 | INFO: Extracting primitive: tree.030
09:34:54 | WARNING: The active Vertex Color will not be exported, as it is not used in the node tree of the material
09:34:54 | WARNING: Image '<bpy_struct, Image("Leaf_Pine_C.png.001") at 0x000001AF55ECB908>' has no size and cannot be exported.
09:34:54 | WARNING: More than one shader node tex image used for a texture. The resulting glTF sampler will behave like the first shader node tex image.
09:34:54 | INFO: Primitives created: 2
09:34:54 | INFO: Finished glTF 2.0 export in 0.019959688186645508 s

FBX version: 7400
09:34:54 | INFO: Starting glTF 2.0 export
09:34:54 | INFO: Extracting primitive: tree.031
09:34:54 | WARNING: The active Vertex Color will not be exported, as it is not used in the node tree of the material
09:34:54 | WARNING: Image '<bpy_struct, Image("Leaf_Pine_C.png.001") at 0x000001AF55520108>' has no size and cannot be exported.
09:34:54 | WARNING: More than one shader node tex image used for a texture. The resulting glTF sampler will behave like the first shader node tex image.
09:34:54 | INFO: Primitives created: 2
09:34:54 | INFO: Finished glTF 2.0 export in 0.022001266479492188 s

FBX version: 7400
09:34:54 | INFO: Starting glTF 2.0 export
09:34:54 | INFO: Extracting primitive: tree.032
09:34:54 | WARNING: The active Vertex Color will not be exported, as it is not used in the node tree of the material
09:34:54 | WARNING: Image '<bpy_struct, Image("Leaf_Pine_C.png.001") at 0x000001AF561C2B08>' has no size and cannot be exported.
09:34:54 | WARNING: More than one shader node tex image used for a texture. The resulting glTF sampler will behave like the first shader node tex image.
09:34:54 | INFO: Primitives created: 2
09:34:54 | INFO: Finished glTF 2.0 export in 0.013015270233154297 s

FBX version: 7400
09:34:54 | INFO: Starting glTF 2.0 export
09:34:54 | INFO: Extracting primitive: Plane.036
09:34:54 | WARNING: Image '<bpy_struct, Image("Leaves.png.001") at 0x000001AF55ECB208>' has no size and cannot be exported.
09:34:54 | WARNING: More than one shader node tex image used for a texture. The resulting glTF sampler will behave like the first shader node tex image.
09:34:54 | WARNING: The active Vertex Color will not be exported, as it is not used in the node tree of the material
09:34:54 | INFO: Primitives created: 1
09:34:54 | INFO: Finished glTF 2.0 export in 0.008002042770385742 s

FBX version: 7400
09:34:54 | INFO: Starting glTF 2.0 export
09:34:54 | INFO: Extracting primitive: Plane.035
09:34:54 | WARNING: Image '<bpy_struct, Image("Leaves.png.001") at 0x000001AF4EEAEB08>' has no size and cannot be exported.
09:34:54 | WARNING: More than one shader node tex image used for a texture. The resulting glTF sampler will behave like the first shader node tex image.
09:34:54 | WARNING: The active Vertex Color will not be exported, as it is not used in the node tree of the material
09:34:54 | INFO: Primitives created: 1
09:34:54 | INFO: Finished glTF 2.0 export in 0.01100611686706543 s

FBX version: 7400
09:34:54 | INFO: Starting glTF 2.0 export
09:34:54 | INFO: Extracting primitive: Plane.011
09:34:54 | WARNING: Image '<bpy_struct, Image("Leaves.png.001") at 0x000001AF4EEACF08>' has no size and cannot be exported.
09:34:54 | WARNING: More than one shader node tex image used for a texture. The resulting glTF sampler will behave like the first shader node tex image.
09:34:54 | INFO: Primitives created: 1
09:34:54 | INFO: Finished glTF 2.0 export in 0.0070037841796875 s

FBX version: 7400
09:34:54 | INFO: Starting glTF 2.0 export
09:34:54 | INFO: Extracting primitive: Plane.079
09:34:54 | WARNING: Image '<bpy_struct, Image("Leaves.png.001") at 0x000001AF55E50808>' has no size and cannot be exported.
09:34:54 | WARNING: More than one shader node tex image used for a texture. The resulting glTF sampler will behave like the first shader node tex image.
09:34:54 | INFO: Primitives created: 1
09:34:54 | INFO: Finished glTF 2.0 export in 0.007998466491699219 s

FBX version: 7400
09:34:54 | INFO: Starting glTF 2.0 export
09:34:54 | INFO: Extracting primitive: Cube.017_Retopology.012
09:34:54 | INFO: Primitives created: 1
09:34:54 | INFO: Finished glTF 2.0 export in 0.005986452102661133 s

FBX version: 7400
09:34:54 | INFO: Starting glTF 2.0 export
09:34:54 | INFO: Extracting primitive: Cube.017_Retopology.013
09:34:54 | INFO: Primitives created: 1
09:34:54 | INFO: Finished glTF 2.0 export in 0.006035327911376953 s

FBX version: 7400
09:34:54 | INFO: Starting glTF 2.0 export
09:34:54 | INFO: Extracting primitive: Cube.017_Retopology.014
09:34:54 | INFO: Primitives created: 1
09:34:54 | INFO: Finished glTF 2.0 export in 0.006997823715209961 s

FBX version: 7400
09:34:54 | INFO: Starting glTF 2.0 export
09:34:54 | INFO: Extracting primitive: Cube.017_Retopology.074
09:34:54 | INFO: Primitives created: 1
09:34:54 | INFO: Finished glTF 2.0 export in 0.007999181747436523 s

FBX version: 7400
09:34:54 | INFO: Starting glTF 2.0 export
09:34:54 | INFO: Extracting primitive: Cube.017_Retopology.028
09:34:54 | INFO: Primitives created: 1
09:34:54 | INFO: Finished glTF 2.0 export in 0.007999897003173828 s

FBX version: 7400
09:34:54 | INFO: Starting glTF 2.0 export
09:34:54 | INFO: Extracting primitive: Cube.017_Retopology.016
09:34:54 | INFO: Primitives created: 1
09:34:54 | INFO: Finished glTF 2.0 export in 0.005997896194458008 s

FBX version: 7400
09:34:54 | INFO: Starting glTF 2.0 export
09:34:54 | INFO: Extracting primitive: Cube.017_Retopology.011
09:34:54 | INFO: Primitives created: 1
09:34:54 | INFO: Finished glTF 2.0 export in 0.004988670349121094 s

FBX version: 7400
09:34:55 | INFO: Starting glTF 2.0 export
09:34:55 | INFO: Extracting primitive: Cube.017_Retopology.015
09:34:55 | INFO: Primitives created: 1
09:34:55 | INFO: Finished glTF 2.0 export in 0.005968570709228516 s

FBX version: 7400
09:34:55 | INFO: Starting glTF 2.0 export
09:34:55 | INFO: Extracting primitive: Cube.017_Retopology.073
09:34:55 | INFO: Primitives created: 1
09:34:55 | INFO: Finished glTF 2.0 export in 0.007071733474731445 s

FBX version: 7400
09:34:55 | INFO: Starting glTF 2.0 export
09:34:55 | INFO: Extracting primitive: Cube.017_Retopology.038
09:34:55 | INFO: Primitives created: 1
09:34:55 | INFO: Finished glTF 2.0 export in 0.00698399543762207 s

FBX version: 7400
09:34:55 | INFO: Starting glTF 2.0 export
09:34:55 | INFO: Extracting primitive: Cube.005_Retopology.001
09:34:55 | INFO: Primitives created: 1
09:34:55 | INFO: Finished glTF 2.0 export in 0.006005287170410156 s

FBX version: 7400
09:34:55 | INFO: Starting glTF 2.0 export
09:34:55 | INFO: Extracting primitive: Cube.004_Retopology.001
09:34:55 | INFO: Primitives created: 1
09:34:55 | INFO: Finished glTF 2.0 export in 0.00403285026550293 s

FBX version: 7400
09:34:55 | INFO: Starting glTF 2.0 export
09:34:55 | INFO: Extracting primitive: Cube.002_Retopology.001
09:34:55 | INFO: Primitives created: 1
09:34:55 | INFO: Finished glTF 2.0 export in 0.004998207092285156 s

FBX version: 7400
09:34:55 | INFO: Starting glTF 2.0 export
09:34:55 | INFO: Extracting primitive: tree.038
09:34:55 | WARNING: The active Vertex Color will not be exported, as it is not used in the node tree of the material
09:34:55 | WARNING: Image '<bpy_struct, Image("Leaves_TwistedTree_C.png.001") at 0x000001AF55EE1D08>' has no size and cannot be exported.
09:34:55 | WARNING: More than one shader node tex image used for a texture. The resulting glTF sampler will behave like the first shader node tex image.
09:34:55 | INFO: Primitives created: 2
09:34:55 | INFO: Finished glTF 2.0 export in 0.027994871139526367 s

FBX version: 7400
09:34:55 | INFO: Starting glTF 2.0 export
09:34:55 | INFO: Extracting primitive: tree.039
09:34:55 | WARNING: The active Vertex Color will not be exported, as it is not used in the node tree of the material
09:34:55 | WARNING: Image '<bpy_struct, Image("Leaves_TwistedTree_C.png.001") at 0x000001AF55E41608>' has no size and cannot be exported.
09:34:55 | WARNING: More than one shader node tex image used for a texture. The resulting glTF sampler will behave like the first shader node tex image.
09:34:55 | INFO: Primitives created: 2
09:34:55 | INFO: Finished glTF 2.0 export in 0.02599811553955078 s

FBX version: 7400
09:34:55 | INFO: Starting glTF 2.0 export
09:34:55 | INFO: Extracting primitive: tree.040
09:34:55 | WARNING: The active Vertex Color will not be exported, as it is not used in the node tree of the material
09:34:55 | WARNING: Image '<bpy_struct, Image("Leaves_TwistedTree_C.png.001") at 0x000001AF5327DD08>' has no size and cannot be exported.
09:34:55 | WARNING: More than one shader node tex image used for a texture. The resulting glTF sampler will behave like the first shader node tex image.
09:34:55 | INFO: Primitives created: 2
09:34:55 | INFO: Finished glTF 2.0 export in 0.028939247131347656 s

FBX version: 7400
09:34:55 | INFO: Starting glTF 2.0 export
09:34:55 | INFO: Extracting primitive: tree.041
09:34:55 | WARNING: The active Vertex Color will not be exported, as it is not used in the node tree of the material
09:34:55 | WARNING: Image '<bpy_struct, Image("Leaves_TwistedTree_C.png.001") at 0x000001AF55EF2B08>' has no size and cannot be exported.
09:34:55 | WARNING: More than one shader node tex image used for a texture. The resulting glTF sampler will behave like the first shader node tex image.
09:34:55 | INFO: Primitives created: 2
09:34:55 | INFO: Finished glTF 2.0 export in 0.02606678009033203 s

FBX version: 7400
09:34:55 | INFO: Starting glTF 2.0 export
09:34:55 | INFO: Extracting primitive: tree.042
09:34:55 | WARNING: The active Vertex Color will not be exported, as it is not used in the node tree of the material
09:34:55 | WARNING: Image '<bpy_struct, Image("Leaves_TwistedTree_C.png.001") at 0x000001AF55EF0808>' has no size and cannot be exported.
09:34:55 | WARNING: More than one shader node tex image used for a texture. The resulting glTF sampler will behave like the first shader node tex image.
09:34:55 | INFO: Primitives created: 2
09:34:55 | INFO: Finished glTF 2.0 export in 0.02798748016357422 s

[megakit] done. ok=136 fail=0
Blender 5.0.1 (hash a3db93c5b259 built 2025-12-16 01:32:30)

Blender quit
[stylized-nature] +68 additions

Total new additions: 363
